종목명,현재가,전일비,등락률,거래량,거래대금
KODEX CD금리액티브(합성),"1,056,990",100,+0.01%,+0.81%,"216,554"
TIGER CD금리투자KIS(합성),"55,395",0,0.00%,+0.79%,"176,253"
TIGER 미국S&P500,"21,625",50,-0.23%,+16.96%,"4,224,330"
KODEX 200,"33,120",150,+0.45%,-3.64%,"4,449,334"
KODEX KOFR금리액티브(합성),"108,940",30,+0.03%,+0.81%,"38,516"
TIGER 미국나스닥100,"138,470",20,+0.01%,+20.51%,"192,951"
KODEX 머니마켓액티브,"101,400",30,+0.03%,+0.90%,"46,189"
TIGER KOFR금리액티브(합성),"107,455",25,+0.02%,+0.80%,"85,795"
TIGER 미국테크TOP10 INDXX,"25,165",30,-0.12%,+26.43%,"1,310,333"
KODEX 미국S&P500TR,"19,820",55,-0.28%,+16.90%,"2,163,052"
KODEX 종합채권(AA-이상)액티브,"117,380",355,+0.30%,+2.49%,"71,467"
TIGER 미국필라델피아반도체나스..,"19,135",195,+1.03%,+11.19%,"1,550,770"
KODEX 레버리지,"14,900",100,+0.68%,-8.98%,"17,481,950"
KODEX 200TR,"11,630",40,+0.35%,-3.37%,"179,387"
RISE 머니마켓액티브,"53,395",10,+0.02%,+0.90%,"185,562"
TIGER 200,"33,175",0,0.00%,-3.65%,"1,117,183"
TIGER 미국배당다우존스,"12,980",5,-0.04%,+12.06%,"1,106,809"
KODEX 1년은행양도성예금증서+액..,"1,023,195",100,+0.01%,+0.80%,"3,404"
TIGER 차이나전기차SOLACTIVE,"9,390",200,-2.09%,+40.89%,"975,721"
KODEX 코스닥150레버리지,"7,075",80,+1.14%,-13.40%,"35,767,375"
ACE 미국30년국채액티브(H),"8,175",70,-0.85%,-9.66%,"2,179,313"
TIGER MSCI Korea TR,"13,905",15,-0.11%,-4.83%,"11,538"
KODEX 미국나스닥100TR,"20,765",0,0.00%,+20.69%,"1,138,079"
KODEX 단기채권PLUS,"112,895",15,+0.01%,+0.88%,"10,387"
ACE 미국S&P500,"21,855",50,-0.23%,+16.87%,"701,943"
RISE 종합채권(A-이상)액티브,"108,910",155,+0.14%,+2.50%,370
TIGER 25-10 회사채(A+이상)액티..,"54,030",5,-0.01%,+0.92%,"58,390"
ACE 미국나스닥100,"23,795",0,0.00%,+20.62%,"453,979"
KODEX 코스닥150,"11,600",20,+0.17%,-5.38%,"7,025,298"
RISE 200,"33,390",105,+0.32%,-3.57%,"316,804"
KODEX 200선물인버스2X,"2,425",20,-0.82%,+7.06%,"91,706,421"
TIGER 미국30년국채커버드콜액티..,"8,850",75,-0.84%,-8.37%,"2,293,426"
KODEX 삼성그룹,"8,320",45,+0.54%,-9.71%,"238,481"
TIGER CD1년금리액티브(합성),"1,031,280",85,+0.01%,+0.82%,"74,331"
RISE CD금리액티브(합성),"102,580",20,+0.02%,+0.82%,"5,091"
KODEX 25-12 은행채(AAA)액티브,"101,130",10,+0.01%,+0.94%,"2,349"
TIGER 2차전지테마,"16,555",145,-0.87%,-18.11%,"1,292,596"
KODEX 2차전지산업,"13,565",70,-0.51%,-19.26%,"978,566"
KODEX 25-11 은행채(AA-이상)PLU..,"10,375",5,-0.05%,+1.02%,"11,762"
TIGER 미국배당다우존스타겟커버..,"10,975",5,-0.05%,+10.60%,"550,876"
SOL 종합채권(AA-이상)액티브,"113,800",235,+0.21%,+2.61%,85
RISE 미국나스닥100,"23,050",5,+0.02%,+20.61%,"371,964"
TIGER 단기통안채,"109,080",15,+0.01%,+0.77%,"5,702"
TIGER 25-12 금융채(AA-이상),"50,315",5,+0.01%,N/A,472
KODEX Top5PlusTR,"21,015",20,+0.10%,-2.30%,"8,647"
TIGER TOP10,"10,790",75,+0.70%,-3.93%,"85,044"
KODEX MSCI Korea TR,"11,095",40,+0.36%,-4.80%,"1,906"
SOL 미국배당다우존스,"11,900",5,-0.04%,+12.07%,"566,714"
TIGER 인도니프티50,"13,930",70,-0.50%,+3.03%,"415,276"
ACE 종합채권(AA-이상)KIS액티브,"107,185",155,+0.14%,+2.38%,"4,789"
KOSEF 200TR,"42,260",185,+0.44%,-3.48%,"111,962"
KODEX 단기채권,"111,840",15,+0.01%,+0.76%,"12,982"
ACE 테슬라밸류체인액티브,"18,480",385,-2.04%,+71.43%,"2,230,472"
RISE 미국S&P500,"18,925",40,-0.21%,+16.89%,"258,761"
TIGER 미국30년국채스트립액티브..,"42,650",430,-1.00%,-13.69%,"178,868"
TIGER 종합채권(AA-이상)액티브,"56,275",130,+0.23%,+2.67%,"21,507"
TIGER 미국달러단기채권액티브,"13,055",25,+0.19%,+8.97%,"140,045"
KODEX 미국빅테크10(H),"47,735",270,+0.57%,+19.41%,"168,843"
TIGER 차이나항셍테크,"7,195",210,-2.84%,+39.44%,"1,187,308"
ACE KRX금현물,"17,660",175,-0.98%,+13.13%,"473,507"
PLUS 200,"33,690",35,-0.10%,-3.56%,"195,945"
TIGER 리츠부동산인프라,"4,110",50,-1.20%,-10.69%,"1,236,147"
ACE 미국배당다우존스,"13,125",5,-0.04%,+12.15%,"330,494"
TIGER 단기채권액티브,"54,955",10,+0.02%,+0.80%,"5,325"
TIGER Fn반도체TOP10,"9,270",30,+0.32%,-7.58%,"386,978"
TIGER 미국나스닥100타겟데일리..,"10,595",15,+0.14%,+20.00%,"617,639"
KODEX 인버스,"4,635",20,-0.43%,+4.27%,"16,775,318"
TIGER 미국달러SOFR금리액티브(..,"58,055",10,+0.02%,+9.07%,"14,615"
TIGER 200 IT,"27,335",340,+1.26%,-10.36%,"20,826"
KODEX 미국반도체MV,"24,085",80,+0.33%,+13.45%,"366,518"
KODEX 인도Nifty50,"14,220",70,-0.49%,+2.41%,"300,782"
TIGER 24-12 금융채(AA-이상),"52,275",10,-0.02%,+0.76%,696
ACE 미국빅테크TOP7 Plus,"18,435",5,+0.03%,+27.93%,"630,377"
KODEX 국고채30년액티브,"124,975","1,135",+0.92%,+7.17%,"11,420"
KODEX 자동차,"18,205",105,+0.58%,-2.23%,"125,888"
RISE 단기통안채,"113,750",20,+0.02%,+0.76%,"3,398"
TIGER 2차전지소재Fn,"4,560",85,-1.83%,-19.51%,"1,559,859"
SOL 초단기채권액티브,"52,345",10,+0.02%,+0.92%,"97,606"
KODEX 국고채3년,"61,865",80,+0.13%,+1.29%,"20,410"
KODEX 반도체,"28,795",45,+0.16%,-8.06%,"334,845"
PLUS 머니마켓액티브,"51,410",10,+0.02%,+0.89%,"7,022"
PLUS 고배당주,"15,140",65,-0.43%,+0.52%,"233,164"
KODEX 미국30년국채타겟커버드콜..,"9,535",75,-0.78%,-8.11%,"1,231,368"
TIGER 미국테크TOP10타겟커버드..,"14,460",5,+0.03%,+26.13%,"474,667"
HANARO 200,"33,260",100,+0.30%,-3.52%,"94,753"
SOL 조선TOP3플러스,"14,360",180,+1.27%,+18.09%,"1,380,204"
히어로즈 머니마켓액티브,"51,560",0,0.00%,+0.84%,"6,451"
KODEX 미국S&P500(H),"14,110",25,-0.18%,+8.03%,"438,128"
KOSEF 국고채10년,"119,410",290,+0.24%,+1.95%,"27,683"
KODEX 선진국MSCI World,"31,570",105,-0.33%,+14.67%,"31,715"
ACE 글로벌반도체TOP4 Plus SOLA..,"25,485",125,+0.49%,+11.87%,"82,934"
KODEX 코스피,"25,480",55,+0.22%,-3.08%,"208,089"
ACE 200,"33,555",85,+0.25%,-3.73%,"7,548"
KOSEF 200,"33,075",5,-0.02%,-3.43%,"32,853"
KODEX 미국달러SOFR금리액티브(..,"12,035",20,+0.17%,+9.36%,"256,193"
TIGER 미국나스닥100커버드콜(합..,"11,250",10,+0.09%,+13.75%,"136,498"
RISE KIS국고채30년Enhanced,"86,645",985,+1.15%,+9.91%,"28,746"
RISE 미국30년국채엔화노출(합성..,"8,885",50,-0.56%,-10.64%,"707,680"
1Q 머니마켓액티브,"51,430",5,+0.01%,+0.88%,"113,691"
KODEX 미국AI테크TOP10타겟커버..,"11,730",80,+0.69%,+25.24%,"684,468"
히어로즈 종합채권(AA-이상)액티..,"111,565",310,+0.28%,+2.63%,14
TIGER 미국S&P500TR(H),"14,600",45,-0.31%,+8.15%,"109,653"
TIGER 중장기국채,"52,905",105,+0.20%,+1.59%,"5,190"
KODEX 은행,"8,600",20,-0.23%,+2.56%,"408,252"
KODEX 미국나스닥100(H),"17,070",15,-0.09%,+11.56%,"151,378"
TIGER 2차전지TOP10,"9,200",10,-0.11%,-17.49%,"10,961,970"
KODEX 26-12 회사채(AA-이상)액..,"10,585",0,0.00%,+1.20%,"33,506"
1Q CD금리액티브(합성),"100,790",10,+0.01%,N/A,966
KODEX 미국30년국채울트라선물(H..,"7,850",55,-0.70%,-9.20%,"767,262"
KODEX 미국30년국채액티브(H),"9,535",70,-0.73%,-8.87%,"1,001,891"
KODEX 미국배당다우존스,"11,120",5,+0.04%,+12.22%,"567,848"
TIGER 글로벌자율주행&전기차SOL..,"11,345",85,-0.74%,+19.30%,"33,071"
KODEX ESG종합채권(A-이상)액티..,"113,135",20,-0.02%,+1.38%,3
TIGER 테슬라채권혼합Fn,"14,460",125,-0.86%,+24.92%,"503,527"
TIMEFOLIO 글로벌AI인공지능액티..,"25,705",135,-0.52%,+34.23%,"281,281"
PLUS 종합채권(AA-이상)액티브,"114,455",405,+0.36%,+2.65%,12
KODEX 25-11 회사채(A+이상)액티..,"10,700",5,+0.05%,+0.80%,"12,697"
TIGER 헬스케어,"36,915",900,+2.50%,-2.71%,"84,361"
TIGER 글로벌리튬&2차전지SOLACT..,"6,955",110,-1.56%,+27.26%,"31,693"
TIGER 일본니케이225,"22,295",315,-1.39%,+8.25%,"31,604"
1Q 단기금융채액티브,"105,815",10,+0.01%,+0.86%,"1,077"
KODEX 국고채10년액티브,"113,555",275,+0.24%,+1.94%,"40,194"
TIGER 27-04회사채(A+이상)액티..,"52,085",5,+0.01%,+1.42%,"2,861"
ACE CD금리&초단기채권액티브,"101,725",20,+0.02%,+0.93%,"10,890"
KOSEF 인도Nifty50(합성),"26,120",115,-0.44%,+2.03%,"96,803"
KODEX 미국AI전력핵심인프라,"13,040",30,-0.23%,+35.90%,"296,128"
PLUS K방산,"18,215",155,+0.86%,+3.00%,"295,679"
TIGER 미국필라델피아반도체레버..,"24,780",550,+2.27%,+19.38%,"245,377"
RISE 200위클리커버드콜,"8,590",35,+0.41%,-4.08%,"406,521"
TIGER 미국S&P500동일가중,"11,125",10,+0.09%,+14.09%,"112,463"
TIGER 투자등급회사채액티브,"114,840",75,+0.07%,+1.61%,"3,085"
ACE 베트남VN30(합성),"21,285",160,-0.75%,+6.77%,"23,625"
RISE KOFR금리액티브(합성),"102,220",30,+0.03%,+0.80%,"2,440"
TIGER 미국나스닥100TR(H),"17,565",10,-0.06%,+11.56%,"89,907"
TIGER 미국S&P500타겟데일리커버..,"11,460",5,-0.04%,+17.00%,"221,366"
TIGER 은행고배당플러스TOP10,"14,125",130,-0.91%,+2.83%,"419,994"
SOL 미국배당다우존스(H),"11,570",10,-0.09%,+3.53%,"372,438"
KODEX 코스닥150선물인버스,"4,050",20,-0.49%,+4.38%,"36,738,279"
KODEX 테슬라커버드콜채권혼합액..,"9,975",25,-0.25%,+10.78%,"268,816"
KODEX 미국나스닥100레버리지(합..,"12,995",15,-0.12%,+22.88%,"81,328"
RISE 200TR,"18,275",75,+0.41%,-3.61%,"10,534"
SOL AI반도체소부장,"9,515",15,-0.16%,-13.03%,"77,526"
SOL 26-12 회사채(AA-이상)액티..,"50,660",10,+0.02%,N/A,"10,415"
RISE ESG사회책임투자,"12,290",100,+0.82%,-1.84%,"7,709"
TIGER 미국S&P500선물(H),"65,715",210,-0.32%,+7.49%,"9,028"
RISE 비메모리반도체액티브,"9,210",130,+1.43%,-7.34%,"89,697"
TIGER 반도체,"29,705",65,+0.22%,-8.25%,"76,527"
KODEX 2차전지산업레버리지,"1,508",19,-1.24%,-38.45%,"6,083,474"
TIGER 글로벌AI액티브,"18,630",0,0.00%,+33.93%,"107,293"
TIGER 코리아밸류업,"9,530",35,+0.37%,N/A,"949,222"
SOL 미국30년국채커버드콜(합성),"10,075",30,-0.30%,+1.01%,"151,962"
TIMEFOLIO 미국나스닥100액티브,"27,460",230,-0.83%,+41.29%,"202,982"
KODEX 코리아밸류업,"9,500",30,+0.32%,N/A,"125,033"
RISE 수소경제테마,"8,445",0,0.00%,-6.43%,"31,260"
KODEX 차이나항셍테크,"7,165",180,-2.45%,+39.67%,"199,040"
KODEX AI전력핵심설비,"9,095",5,-0.05%,+15.35%,"2,711,531"
ACE 국고채10년,"93,975",215,+0.23%,+1.98%,"18,708"
TIGER 화장품,"2,705",25,+0.93%,-10.28%,"2,063,408"
TIGER 미국테크TOP10 INDXX(H),"15,465",15,-0.10%,+17.65%,"423,245"
KODEX TRF3070,"13,620",15,+0.11%,+5.83%,"49,744"
ACE 미국S&P500채권혼합액티브,"12,935",5,+0.04%,+11.27%,"226,441"
TIGER 글로벌비만치료제TOP2Plus,"10,125",145,-1.41%,-10.82%,"52,352"
KODEX 단기변동금리부채권액티브,"112,725",10,+0.01%,+0.76%,961
KODEX 골드선물(H),"16,345",260,-1.57%,+3.78%,"60,312"
ACE 미국달러SOFR금리(합성),"11,760",10,+0.09%,+8.89%,"21,271"
ACE 미국빅테크7+데일리타겟커버..,"12,420",30,-0.24%,+24.08%,"299,494"
TIGER 차이나CSI300,"10,325",220,-2.09%,+30.86%,"100,415"
HANARO Fn K-반도체,"9,075",75,+0.83%,-5.91%,"73,988"
RISE 25-06 은행채(AA+이상)액티..,"50,920",5,+0.01%,+0.80%,299
SOL 200TR,"12,070",0,0.00%,-3.36%,"26,360"
히어로즈 CD금리액티브(합성),"105,600",25,+0.02%,+0.80%,237
RISE 25-03 회사채(AA-이상)액티..,"51,015",5,+0.01%,+0.82%,"2,650"
RISE 단기국공채액티브,"111,455",10,+0.01%,+0.87%,"1,874"
SOL 국고채10년,"112,020",215,+0.19%,+2.05%,"3,106"
KODEX 200액티브,"9,525",70,+0.74%,N/A,702
TIGER 인도빌리언컨슈머,"10,540",100,-0.94%,-5.41%,"61,438"
TIGER 미국채10년선물,"12,605",20,-0.16%,+3.62%,"73,803"
TIGER 글로벌혁신블루칩TOP10,"16,225",125,-0.76%,+19.74%,"87,720"
TIGER 국고채30년스트립액티브,"64,015",775,+1.23%,+11.24%,"52,946"
TIGER 미국투자등급회사채액티브..,"49,480",285,-0.57%,-2.79%,"10,274"
RISE 25-11 회사채(AA-이상)액티..,"52,630",10,+0.02%,+0.94%,"6,384"
SOL 미국배당미국채혼합50,"10,540",0,0.00%,N/A,"392,832"
TIGER 미국MSCI리츠(합성 H),"13,280",0,0.00%,-3.77%,"16,242"
ACE 엔비디아채권혼합블룸버그,"22,180",0,0.00%,+8.46%,"66,152"
KODEX 장기종합채권(AA-이상)액..,"102,600",520,+0.51%,+4.19%,738
KODEX 미국달러선물인버스2X,"5,370",5,-0.09%,-14.42%,"488,846"
TIGER BBIG,"6,350",170,+2.75%,+2.09%,"104,635"
ACE 엔비디아밸류체인액티브,"9,920",90,+0.92%,+17.54%,"350,549"
ACE 26-06 회사채(AA-이상)액티..,"10,880",0,0.00%,+1.16%,"16,588"
TIGER 글로벌온디바이스AI,"10,935",110,+1.02%,+15.84%,"121,391"
TIGER 차이나과창판STAR50(합성),"7,990",100,-1.24%,+62.73%,"279,370"
KODEX 미국S&P500선물(H),"27,420",85,-0.31%,+7.83%,"8,415"
SOL 25-09 회사채(AA-이상)액티..,"53,410",0,0.00%,+0.85%,13
RISE 글로벌자산배분액티브,"12,985",30,-0.23%,+8.62%,"215,695"
TIGER 미국나스닥100TR채권혼합F..,"13,105",5,+0.04%,+6.85%,"70,547"
KODEX 바이오,"7,990",130,+1.65%,-5.67%,"219,414"
RISE 2차전지액티브,"7,055",30,-0.42%,-16.31%,"78,240"
KODEX TDF2050액티브,"14,535",35,-0.24%,+10.92%,"176,455"
TIGER 코스피,"25,835",95,+0.37%,-2.62%,"21,402"
PLUS 코스피TR,"13,520",155,+1.16%,-2.98%,43
TIGER 미국테크TOP10채권혼합,"13,160",10,+0.08%,+11.20%,"137,863"
SOL 미국AI소프트웨어,"13,815",105,+0.77%,+28.93%,"512,252"
ACE 미국WideMoat동일가중,"28,350",45,-0.16%,+12.41%,"26,659"
TIGER 미국필라델피아AI반도체나..,"10,665",215,+2.06%,N/A,"1,740,743"
KODEX 2차전지핵심소재10,"4,700",70,-1.47%,-19.45%,"271,698"
ACE 미국500데일리타겟커버드콜(..,"11,160",25,-0.22%,+16.71%,"208,968"
SOL 2차전지소부장Fn,"4,355",60,-1.36%,-20.09%,"345,126"
KODEX 한국부동산리츠인프라,"4,590",30,-0.65%,-10.61%,"684,270"
TIGER 미국AI빅테크10,"11,930",10,+0.08%,+22.80%,"385,984"
ACE 25-06 회사채(AA-이상)액티..,"10,720",0,0.00%,+0.75%,"3,369"
TIGER 바이오TOP10,"7,295",195,+2.75%,-3.51%,"667,503"
TIMEFOLIO K바이오액티브,"11,510",225,+1.99%,-1.79%,"336,978"
SOL 미국S&P500,"18,065",40,-0.22%,+16.94%,"37,521"
1Q 현대차그룹채권(A+이상)&국고..,"50,355",35,-0.07%,N/A,4
RISE IT플러스,"15,140",110,+0.73%,-3.93%,"1,831"
1Q 25-08 회사채(A+이상)액티브,"106,895",10,+0.01%,+0.85%,283
KODEX 미국배당커버드콜액티브,"12,135",30,-0.25%,+14.51%,"177,409"
RISE 국고채3년선물인버스,"108,840",110,-0.10%,+0.28%,4
KODEX 미국나스닥100선물(H),"25,330",15,-0.06%,+11.29%,"5,455"
ACE 2월만기자동연장회사채AA-이..,"10,365",5,+0.05%,+0.78%,"1,151"
PLUS 국고채10년액티브,"55,965",215,+0.39%,+2.01%,49
TIGER 코스닥150,"11,875",90,+0.76%,-5.49%,"375,287"
KoAct 바이오헬스케어액티브,"13,190",185,+1.42%,-3.62%,"340,615"
SOL 미국테크TOP10,"13,575",35,-0.26%,+26.63%,"137,495"
RISE 코스닥150,"11,510",30,+0.26%,-5.07%,"37,908"
TIGER 미국나스닥100레버리지(합..,"27,105",15,-0.06%,+44.29%,"56,304"
KODEX 미국배당다우존스타겟커버..,"10,730",15,+0.14%,+10.30%,"94,325"
ACE 중국본토CSI300,"28,260",490,-1.70%,+32.37%,"1,896"
TIGER 미국AI빅테크10타겟데일리..,"11,175",0,0.00%,N/A,"205,614"
KODEX 미국종합채권ESG액티브(H),"102,070",255,-0.25%,-2.17%,"1,968"
TIGER 글로벌메타버스액티브,"11,890",15,+0.13%,+29.45%,"13,968"
TIGER 글로벌4차산업혁신기술(합..,"17,255",205,-1.17%,+4.86%,"10,483"
HK 종합채권(AA-이상)액티브,"110,025",0,0.00%,+2.56%,0
ACE 단기통안채,"103,755",15,+0.01%,+0.80%,"3,105"
TIGER 미국다우존스30,"30,895",105,-0.34%,+15.30%,"14,176"
KODEX 미국나스닥100데일리커버..,"10,865",0,0.00%,N/A,"877,770"
PLUS KOFR금리,"106,215",5,0.00%,+0.81%,"22,907"
ACE 미국30년국채엔화노출액티브..,"9,530",95,-0.99%,-10.79%,"139,807"
KODEX K-메타버스액티브,"6,850",175,+2.62%,+8.04%,"83,761"
TIGER 소프트웨어,"8,550",200,+2.40%,+13.70%,"275,789"
마이티 26-09 특수채(AAA)액티브,"107,515",10,+0.01%,+1.24%,10
RISE 메타버스,"6,075",200,+3.40%,+9.36%,"51,236"
WON 25-09 회사채(AA-이상)액티..,"53,830",0,0.00%,+0.98%,"1,093"
BNK 26-06 특수채(AAA이상)액티..,"50,055",15,-0.03%,N/A,655
KOSEF 단기자금,"104,885",0,0.00%,+0.80%,"3,505"
히어로즈 25-09 회사채(AA-이상)..,"50,425",10,+0.02%,N/A,42
SOL 미국AI전력인프라,"13,275",45,-0.34%,+39.66%,"201,765"
KODEX 배당가치,"13,485",10,+0.07%,-2.78%,"90,706"
RISE 코스피,"25,715",20,+0.08%,-3.06%,"1,297"
TIGER 여행레저,"3,060",50,+1.66%,-0.81%,"174,387"
1Q K200액티브,"10,545",50,+0.48%,-3.39%,"12,799"
TIGER 차이나CSI300레버리지(합..,"19,375",785,-3.89%,+71.08%,"25,139"
KODEX 차이나CSI300,"12,730",255,-1.96%,+31.58%,"43,629"
TIGER 일본엔선물,"8,870",20,-0.22%,-1.11%,"97,101"
TIMEFOLIO Korea플러스배당액티..,"13,185",15,-0.11%,+0.24%,"89,728"
RISE 2차전지TOP10인버스(합성),"32,425",75,+0.23%,+15.72%,"359,773"
KODEX AI반도체핵심장비,"8,095",45,+0.56%,-15.06%,"237,389"
RISE 단기종합채권(AA-이상)액티..,"110,705",0,0.00%,+0.86%,"4,671"
HANARO MSCI Korea TR,"13,865",35,-0.25%,-5.20%,50
TIGER 국채3년,"107,660",90,+0.08%,+1.36%,"1,185"
HANARO 200TR,"42,200",35,-0.08%,-3.37%,"1,290"
TIGER 미국S&P500배당귀족,"12,785",15,+0.12%,+8.60%,"61,889"
TIGER Fn메타버스,"6,775",110,+1.65%,+8.14%,"88,533"
ACE 11월만기자동연장회사채AA-..,"10,450",0,0.00%,+0.87%,"1,479"
TIGER AI반도체핵심공정,"7,860",0,0.00%,-13.91%,"152,855"
KODEX K-로봇액티브,"12,175",105,+0.87%,-2.99%,"30,098"
HANARO 종합채권(AA-이상)액티브,"113,905",225,+0.20%,+2.57%,"14,945"
히어로즈 단기채권ESG액티브,"109,825",20,+0.02%,+1.05%,"10,108"
TIGER 배당커버드콜액티브,"9,975",60,+0.61%,-1.79%,"50,820"
ACE 미국빅테크TOP7 Plus레버리..,"30,030",10,-0.03%,+59.31%,"119,259"
TIGER 미디어컨텐츠,"5,555",240,+4.52%,+33.69%,"880,295"
HANARO 머니마켓액티브,"50,780",0,0.00%,+0.88%,"3,539"
KODEX 글로벌비만치료제TOP2 Plu..,"11,120",195,-1.72%,-11.32%,"105,279"
ACE 미국나스닥100채권혼합액티..,"13,485",15,+0.11%,+12.23%,"147,799"
ACE 미국반도체데일리타겟커버드..,"10,130",45,+0.45%,+7.58%,"152,872"
KOSEF 미국S&P500,"17,410",40,-0.23%,+17.30%,"7,440"
PLUS 국공채머니마켓액티브,"50,520",0,0.00%,+0.89%,117
KODEX 미국AI테크TOP10,"11,590",25,-0.22%,+25.62%,"239,655"
KODEX 200미국채혼합,"12,890",20,-0.15%,+0.74%,"31,425"
KODEX 은선물(H),"5,585",290,-4.94%,+2.48%,"511,044"
ACE 미국30년국채선물레버리지(..,"6,120",90,-1.45%,-19.05%,"156,665"
KODEX 성장주,"13,655",120,+0.89%,-1.23%,"9,242"
TIGER 200 중공업,"5,380",30,+0.56%,+11.50%,"176,086"
파워 종합채권(AA-이상)액티브,"101,580",0,0.00%,N/A,0
ACE 8월만기자동연장회사채AA-이..,"10,350",0,0.00%,+0.83%,142
TIGER 2차전지TOP10레버리지,"1,654",4,+0.24%,-35.14%,"1,419,655"
RISE 국고채10년액티브,"107,045",5,0.00%,+1.78%,"10,057"
TIGER 중국소비테마,"5,765",100,+1.77%,-8.35%,"59,003"
KODEX 헬스케어,"16,600",385,+2.37%,-3.04%,"32,908"
TIGER 200선물레버리지,"11,385",155,+1.38%,-9.17%,"92,844"
RISE 중기우량회사채,"106,630",0,0.00%,+1.15%,879
TIMEFOLIO 글로벌우주테크&방산..,"13,290",105,-0.78%,+21.09%,"138,277"
ACE 미국30년국채액티브,"10,395",45,-0.43%,-1.67%,"112,676"
RISE 중국본토대형주CSI100,"18,640",335,-1.77%,+28.73%,"8,876"
KODEX 삼성전자채권혼합,"10,545",10,+0.09%,-3.06%,"93,363"
RISE 중국본토CSI300,"10,855",195,-1.76%,+32.38%,"3,265"
히어로즈 26-09 회사채(AA-이상)..,"52,470",15,+0.03%,+1.24%,"3,712"
TIGER 미국배당다우존스타겟커버..,"11,980",5,-0.04%,+11.67%,"25,800"
TIGER 200선물인버스2X,"2,570",35,-1.34%,+7.31%,"1,634,413"
TIGER 미국S&P500레버리지(합성 ..,"48,620",270,-0.55%,+15.73%,"9,281"
KODEX WTI원유선물(H),"14,510",50,-0.34%,+4.13%,"98,546"
RISE 코스닥150선물레버리지,"7,950",45,+0.57%,-13.21%,"49,312"
ACE G2전기차&자율주행액티브,"11,745",170,-1.43%,+43.06%,"116,916"
TIGER 인도니프티50레버리지(합..,"45,950",230,-0.50%,+4.43%,"5,684"
TIGER 경기방어,"10,030",235,+2.40%,-1.38%,"8,651"
PLUS 신흥국MSCI(합성 H),"9,970",125,-1.24%,+2.26%,"10,253"
ACE 24-12 회사채(AA-이상)액티..,"106,445",5,0.00%,+0.79%,"1,038"
TIGER 200TR,"18,860",50,+0.27%,-3.43%,"19,299"
PLUS 미국S&P500(H),"24,600",85,-0.34%,+8.39%,"8,157"
SOL CD금리&머니마켓액티브,"50,125",0,0.00%,N/A,"69,406"
SOL 미국S&P500ESG,"17,090",65,-0.38%,+16.24%,"46,835"
TIGER 글로벌AI&로보틱스 INDXX,"13,595",115,-0.84%,+18.32%,"35,200"
KODEX 아시아달러채권ESG플러스..,"60,480",70,-0.12%,+6.48%,36
TIGER 현대차그룹+펀더멘털,"26,515",140,+0.53%,-0.92%,"15,728"
SOL 국고채3년,"106,905",185,-0.17%,+1.14%,956
KODEX 미국10년국채선물,"11,885",25,-0.21%,+2.72%,"35,326"
PLUS 단기채권액티브,"115,485",10,+0.01%,+0.97%,144
HANARO 25-12 은행채(AA+이상)액..,"10,075",5,+0.05%,N/A,"6,046"
KODEX 미국달러선물,"14,035",5,-0.04%,+8.97%,"27,005"
HANARO Fn K-POP&미디어,"7,265",290,+4.16%,+31.97%,"102,204"
KODEX 미국메타버스나스닥액티브,"15,530",20,-0.13%,+36.77%,"8,501"
RISE 고배당,"13,270",10,-0.08%,-2.64%,"13,454"
RISE 대형고배당10TR,"18,000",90,-0.50%,-3.82%,"2,461"
TIGER 코스닥150 레버리지,"7,925",90,+1.15%,-12.82%,"496,604"
ACE 마이크로소프트밸류체인액티..,"12,665",135,-1.05%,+27.99%,"75,915"
TIGER 미국나스닥바이오,"23,670",285,-1.19%,+0.32%,"24,813"
KODEX 미국서학개미,"18,745",110,-0.58%,+45.20%,"1,273,251"
KODEX 차이나H레버리지(H),"2,045",100,-4.66%,+35.25%,"389,496"
TIGER 골드선물(H),"17,420",280,-1.58%,+3.75%,"34,308"
RISE 미국S&P500(H),"14,845",55,-0.37%,+8.03%,"34,595"
SOL 한국형글로벌반도체액티브,"18,480",260,+1.43%,+9.45%,"7,502"
KODEX TRF5050,"16,250",25,+0.15%,+8.33%,"36,929"
RISE 글로벌원자력,"20,010",170,-0.84%,+31.13%,"49,094"
PLUS 고배당주위클리커버드콜,"10,000",90,-0.89%,-0.23%,"656,092"
RISE 미국달러SOFR금리액티브(합..,"11,690",0,0.00%,+9.00%,"22,875"
ACE 단기채권알파액티브,"108,765",5,0.00%,+0.82%,"2,821"
ACE 인도컨슈머파워액티브,"10,600",110,-1.03%,+3.26%,"11,081"
KODEX 반도체레버리지,"7,520",70,+0.94%,N/A,"75,804"
HANARO CAPEX설비투자iSelect,"13,525",65,-0.48%,+0.56%,"233,501"
SOL 미국30년국채액티브(H),"9,205",60,-0.65%,-9.13%,"25,239"
ACE 구글밸류체인액티브,"11,270",35,-0.31%,+25.92%,"282,259"
TIGER 차이나전기차레버리지(합..,"6,170",155,-2.45%,+87.25%,"22,821"
PLUS 일본반도체소부장,"12,980",245,-1.85%,+3.63%,"202,585"
KODEX Top10동일가중,"7,370",25,+0.34%,-4.53%,679
ACE AI반도체포커스,"12,205",5,+0.04%,-8.06%,"41,427"
ACE 중장기국공채액티브,"106,850",10,-0.01%,+1.56%,3
SOL 머니마켓액티브,"50,875",5,+0.01%,+0.83%,"22,192"
KODEX 국채선물10년,"70,560",195,+0.28%,+1.92%,"2,890"
HANARO e커머스,"9,965",325,+3.37%,+8.08%,"14,731"
KODEX TRF7030,"18,915",40,+0.21%,+10.65%,"27,537"
SOL 미국TOP5채권혼합40 Solacti..,"13,640",35,-0.26%,+9.73%,"36,565"
에셋플러스 글로벌플랫폼액티브,"13,510",20,-0.15%,+46.69%,"18,493"
KODEX 미국러셀2000(H),"14,245",210,-1.45%,+9.96%,"58,276"
TIGER 차이나HSCEI,"11,340",290,-2.49%,+27.34%,"34,454"
PLUS 200TR,"38,260",115,+0.30%,-3.47%,98
KODEX 인도타타그룹,"10,720",90,-0.83%,-1.88%,"15,400"
PLUS 고배당주채권혼합,"12,530",5,-0.04%,+0.80%,"34,761"
마이다스 코스피액티브,"19,680",90,+0.46%,-2.26%,87
KODEX 미국달러선물인버스,"7,915",0,0.00%,-7.05%,"47,424"
TIGER 일본반도체FACTSET,"11,640",40,-0.34%,+0.13%,"3,498"
SOL 금융지주플러스고배당,"11,100",95,-0.85%,+1.48%,"207,098"
RISE 국고채3년,"109,950",85,+0.08%,+1.39%,"5,103"
HANARO 원자력iSelect,"17,230",140,-0.81%,+2.10%,"38,065"
TIGER 조선TOP10,"11,550",155,+1.36%,N/A,"450,121"
KOSEF 미국나스닥100(H),"17,680",45,-0.25%,+11.44%,"103,944"
TIGER 레버리지,"14,715",120,+0.82%,-8.74%,"87,534"
WON 대한민국국고채액티브,"58,645",70,+0.12%,+3.78%,463
PLUS 미국S&P500,"16,070",40,-0.25%,+16.33%,"4,365"
HANARO Fn조선해운,"14,900",195,+1.33%,+16.41%,"44,033"
RISE 버크셔포트폴리오TOP10,"12,930",5,+0.04%,+14.73%,"31,783"
RISE AI&로봇,"7,960",185,+2.38%,+5.57%,"109,221"
RISE 미국배당100데일리고정커버..,"10,385",5,-0.05%,N/A,"65,707"
KODEX 미디어&엔터테인먼트,"12,115",335,+2.84%,+16.49%,"92,607"
KODEX 차이나H,"19,430",525,-2.63%,+28.38%,"9,241"
HANARO 32-10 국고채액티브,"58,245",175,+0.30%,+2.32%,"1,674"
KOSEF 통안채1년,"106,250",5,0.00%,+0.90%,299
KODEX 미국S&P500배당귀족커버드..,"8,735",15,+0.17%,+1.31%,"8,398"
ACE 글로벌인컴TOP10 SOLACTIVE,"11,520",45,-0.39%,+10.20%,"57,244"
KOSEF 글로벌AI반도체,"15,960",10,+0.06%,+13.35%,"42,461"
PLUS 미국채30년액티브,"53,845",355,-0.65%,-1.64%,"5,595"
TIMEFOLIO 코스피액티브,"9,015",45,+0.50%,-1.58%,"13,177"
RISE 금융채액티브,"103,160",30,+0.03%,+1.41%,607
KODEX K-신재생에너지액티브,"16,150",35,-0.22%,-6.92%,"8,433"
RISE 글로벌리얼티인컴,"10,585",5,-0.05%,-1.07%,"14,290"
파워 200,"33,430",135,+0.41%,-3.50%,127
KODEX 유럽탄소배출권선물ICE(H),"9,745",415,-4.08%,-1.02%,"66,599"
TIGER 200 헬스케어,"19,765",455,+2.36%,-3.98%,"17,081"
KODEX 인도Nifty50레버리지(합성..,"18,430",85,-0.46%,+3.63%,"13,719"
TIGER 글로벌AI인프라액티브,"13,735",115,-0.83%,+32.64%,"38,811"
TIGER 글로벌클라우드컴퓨팅INDX..,"13,210",15,+0.11%,+41.21%,"29,373"
KODEX 미국달러선물레버리지,"16,200",15,+0.09%,+17.69%,"120,600"
ACE 삼성그룹섹터가중,"13,685",110,+0.81%,-9.52%,"8,476"
KODEX 건설,"2,850",55,+1.97%,-11.35%,"87,713"
KODEX 200IT TR,"10,595",100,+0.95%,-10.36%,887
KODEX 미국부동산리츠(H),"12,490",5,+0.04%,-3.51%,"50,792"
TIGER S&P글로벌헬스케어(합성),"23,160",45,-0.19%,-4.38%,"1,403"
WON 단기국공채액티브,"52,995",0,0.00%,+0.85%,70
TIGER 인버스,"5,180",15,-0.29%,+4.33%,"251,832"
TIGER 인터넷TOP10,"4,115",175,+4.44%,+25.46%,"588,829"
SOL 자동차TOP3플러스,"10,485",45,+0.43%,-2.37%,"24,847"
KOSEF 미국달러선물,"15,965",30,+0.19%,+8.75%,"1,266"
KODEX 미국테크1조달러기업포커..,"12,885",10,+0.08%,+21.61%,"16,445"
KODEX 200ESG,"13,340",65,+0.49%,-0.89%,703
RISE 2차전지TOP10,"9,510",30,+0.32%,-16.40%,"50,234"
KODEX 고배당,"10,390",10,-0.10%,+1.60%,"41,879"
KODEX iShares미국하이일드액티..,"11,575",15,-0.13%,+9.44%,"21,040"
DAISHIN343 K200,"33,380",100,+0.30%,-3.54%,11
HANARO Fn K-뉴딜디지털플러스,"7,530",205,+2.80%,-3.28%,781
PLUS 미국장기우량회사채,"97,745",610,-0.62%,+2.32%,"1,451"
ACE 200TR,"21,645",65,+0.30%,-3.56%,"1,994"
ACE 포스코그룹포커스,"4,600",50,-1.08%,-25.93%,"489,437"
TIGER 차이나바이오테크SOLACTIV..,"5,930",105,-1.74%,+23.93%,"16,781"
TIGER 유로스탁스50(합성 H),"17,705",85,-0.48%,+3.45%,"33,451"
KODEX 코스피100,"25,815",95,+0.37%,-3.26%,"25,201"
RISE 컨택트대표,"6,115",120,+2.00%,+5.80%,"2,396"
KoAct 글로벌AI&로봇액티브,"15,335",55,-0.36%,+22.05%,"13,477"
TIMEFOLIO 미국S&P500액티브,"22,235",155,-0.69%,+25.76%,"27,028"
ACE 5월만기자동연장회사채AA-이..,"10,360",5,+0.05%,+0.78%,"3,811"
KoAct 배당성장액티브,"9,325",95,+1.03%,-3.42%,"3,295"
RISE 국채선물10년인버스,"53,130",100,-0.19%,-0.46%,7
KODEX 한국대만IT프리미어,"24,980",105,+0.42%,+8.86%,"6,442"
KOSEF 국고채10년레버리지,"119,140",630,+0.53%,+3.24%,94
RISE 게임테마,"9,010",230,+2.62%,+6.38%,"149,118"
KODEX 증권,"7,760",45,-0.58%,-0.77%,"41,249"
SOL 미국AI반도체칩메이커,"10,930",230,+2.15%,+13.26%,"68,177"
KODEX 200타겟위클리커버드콜,"9,900",30,+0.30%,N/A,"955,761"
SOL 미국나스닥100,"13,120",10,+0.08%,+20.51%,"30,994"
HANARO 200선물레버리지,"16,540",65,+0.39%,-9.20%,"1,839"
PLUS 미국나스닥테크,"36,815",135,+0.37%,+16.15%,"3,402"
PLUS 우주항공&UAM,"12,980",90,+0.70%,+0.31%,"18,857"
TIGER 글로벌멀티에셋TIF액티브,"11,615",5,-0.04%,+9.23%,"27,680"
WON 미국S&P500,"16,315",50,-0.31%,+16.79%,"10,365"
RISE 미국30년국채커버드콜(합성..,"9,795",55,-0.56%,+0.83%,"17,109"
ACE KPOP포커스,"8,620",370,+4.48%,+42.83%,"265,321"
KoAct 코리아밸류업액티브,"9,700",130,+1.36%,N/A,"9,130"
RISE 코리아밸류업,"9,530",80,+0.85%,N/A,"20,402"
PLUS 미국단기회사채(AAA~A),"128,340",0,0.00%,+7.84%,340
KODEX 차이나심천ChiNext(합성),"10,120",185,-1.80%,+54.15%,"15,702"
TIGER 구리실물,"11,415",230,-1.98%,+5.74%,"14,602"
KOSEF 글로벌퓨처모빌리티,"12,005",100,-0.83%,+19.99%,"4,185"
KODEX 3대농산물선물(H),"8,470",80,-0.94%,-0.88%,"9,140"
KODEX 코스피TR,"12,440",40,+0.32%,-3.08%,"11,778"
ACE 미국주식베스트셀러,"18,370",30,+0.16%,+41.42%,"78,553"
TIGER 차이나항셍테크레버리지(..,"6,910",365,-5.02%,+53.90%,"136,663"
HANARO 글로벌럭셔리S&P(합성),"20,275",110,+0.55%,+20.15%,"8,644"
RISE 중장기국공채액티브,"109,735",85,+0.08%,+1.58%,6
TIGER 배당성장,"19,235",160,+0.84%,-2.46%,"7,245"
KODEX K-친환경조선해운액티브,"14,185",360,+2.60%,+15.14%,"33,615"
ACE 일본반도체,"11,210",180,-1.58%,+1.13%,"1,054"
KODEX 시스템반도체,"7,880",45,+0.57%,-10.91%,"80,703"
KODEX 미국S&P500금융,"17,550",40,-0.23%,+20.13%,"24,471"
ACE 코리아밸류업,"9,690",0,0.00%,N/A,"4,255"
ACE 인도네시아MSCI(합성),"10,030",160,-1.57%,-5.02%,"10,128"
RISE 5G테크,"9,475",85,+0.91%,-8.01%,"6,301"
SOL 미국배당다우존스TR,"10,820",15,+0.14%,N/A,"128,103"
FOCUS AI코리아액티브,"11,795",75,+0.64%,-4.76%,1
RISE 미국반도체NYSE,"15,190",130,+0.86%,+7.93%,"95,709"
TIGER 글로벌이노베이션액티브,"17,210",40,-0.23%,+18.36%,"1,105"
KODEX 200롱코스닥150숏선물,"9,215",0,0.00%,+0.33%,"24,113"
RISE 미국반도체NYSE(H),"13,940",120,+0.87%,-0.19%,"52,233"
KODEX 차이나A50,"21,490",390,-1.78%,+25.89%,"1,864"
KODEX 미국S&P500에너지(합성),"14,915",85,-0.57%,+13.94%,"3,347"
RISE 글로벌테크놀로지(합성 H),"32,055",310,-0.96%,+8.92%,682
KODEX 미국S&P500산업재(합성),"34,145",220,-0.64%,+14.99%,"3,808"
RISE 내수주플러스,"8,355",45,+0.54%,-2.68%,5
TIGER 미국방산TOP10,"9,480",5,-0.05%,N/A,"24,238"
KODEX 차이나2차전지MSCI(합성),"6,600",85,-1.27%,+34.15%,"6,777"
ACE 인도시장대표BIG5그룹액티브,"9,615",125,-1.28%,-6.01%,"8,753"
KODEX 일본TOPIX100,"22,240",260,-1.16%,+9.00%,"23,806"
RISE 미국AI테크액티브,"11,080",60,+0.54%,N/A,"224,837"
TIGER 200커버드콜,"8,110",10,+0.12%,-0.47%,"18,589"
히어로즈 국고채30년액티브,"67,130",500,+0.75%,+7.57%,"15,915"
KODEX 미국S&P500헬스케어,"12,280",25,-0.20%,-3.08%,"14,937"
TIGER 삼성그룹펀더멘털,"10,850",40,+0.37%,-10.43%,"4,497"
TIGER TSMC파운드리밸류체인,"15,320",130,-0.84%,+5.98%,"2,914"
WON 전단채플러스액티브,"50,260",5,+0.01%,N/A,"5,006"
WON 반도체밸류체인액티브,"8,155",95,+1.18%,-7.43%,"1,221"
TIGER 미국달러선물인버스2X,"5,370",15,-0.28%,-14.56%,"36,433"
WON 미국우주항공방산,"16,290",250,-1.51%,+17.45%,"15,634"
PLUS 국고채30년액티브,"120,640","1,275",+1.07%,+7.78%,47
RISE 200선물인버스2X,"2,475",20,+0.81%,+9.76%,"121,105"
KODEX 배당성장채권혼합,"13,060",25,+0.19%,+0.04%,"10,830"
ACE 아시아TOP50S&P,"16,605",225,-1.34%,+15.39%,"6,672"
KODEX WTI원유선물인버스(H),"4,290",15,+0.35%,-5.92%,"190,556"
TIGER 반도체TOP10레버리지,"4,495",0,0.00%,-18.57%,"248,542"
KODEX 보험,"9,810",120,-1.21%,-3.54%,"22,325"
ACE 일본Nikkei225(H),"27,965",305,-1.08%,+9.37%,"4,445"
KODEX 삼성그룹밸류,"7,975",75,+0.95%,-9.53%,"19,737"
TIGER 코스닥150바이오테크,"12,665",280,+2.26%,-0.12%,"46,679"
KODEX 33-06 국고채액티브,"11,070",25,+0.23%,+1.98%,"6,325"
KODEX 글로벌로봇(합성),"19,380",160,+0.83%,+17.60%,"3,997"
ACE 애플밸류체인액티브,"10,915",135,+1.25%,+13.94%,"28,557"
SOL 코스닥150,"11,350",45,+0.40%,-5.26%,"1,274"
TIGER 미국나스닥100ETF선물,"10,880",10,+0.09%,N/A,"4,528"
HANARO 글로벌생성형AI액티브,"20,630",70,-0.34%,+41.84%,"38,183"
SOL KIS단기통안채,"109,050",0,0.00%,+0.76%,0
KODEX 탄소효율그린뉴딜,"8,260",30,+0.36%,-3.73%,336
KODEX 53-09 국고채액티브,"12,630",80,+0.64%,+7.40%,"21,994"
KODEX TDF2030액티브,"13,090",15,-0.11%,+7.37%,"24,606"
KOSEF 코리아밸류업,"9,520",15,+0.16%,N/A,"82,800"
KODEX 미국S&P500테크놀로지,"14,945",65,-0.43%,+17.02%,"12,467"
ACE 일본TOPIX레버리지(H),"41,800","1,095",-2.55%,+15.37%,410
KODEX TDF2040액티브,"13,920",40,-0.29%,+9.45%,"27,738"
TIGER 차이나반도체FACTSET,"7,045",10,-0.14%,+57.96%,"31,120"
RISE 차이나HSCEI(H),"8,655",150,-1.70%,+19.46%,"5,842"
KODEX 게임산업,"7,350",155,+2.15%,+4.18%,"164,129"
TIGER 코스피고배당,"15,225",130,+0.86%,+1.63%,"15,675"
TIGER 미국AI반도체팹리스,"11,555",465,+4.19%,N/A,"86,352"
ACE 글로벌메타버스테크액티브,"14,330",165,-1.14%,+22.37%,660
TIGER 200 건설,"2,630",25,+0.96%,-16.64%,"46,431"
RISE 미국AI밸류체인TOP3Plus,"12,110",75,+0.62%,+26.08%,"53,233"
TIGER 우주방산,"11,080",180,+1.65%,+3.12%,"105,206"
TIGER 200IT레버리지,"25,285",400,+1.61%,-22.44%,"5,139"
RISE 미국단기투자등급회사채액..,"12,040",5,+0.04%,+7.74%,"13,246"
TIGER 원유선물Enhanced(H),"4,225",5,-0.12%,+3.94%,"18,677"
KODEX 일본부동산리츠(H),"10,565",10,-0.09%,-6.13%,"12,151"
TIGER 글로벌사이버보안INDXX,"15,290",250,+1.66%,+27.26%,"26,730"
KODEX 에너지화학,"9,990",45,-0.45%,-14.10%,"10,675"
KOSEF 미국달러선물레버리지,"15,380",20,+0.13%,+17.18%,221
마이티 다이나믹퀀트액티브,"11,705",0,0.00%,-3.66%,78
ACE 코스닥150,"11,690",110,+0.95%,-4.88%,"17,787"
ACE 국고채3년,"103,590",5,0.00%,+1.31%,114
TIGER 리츠부동산인프라채권TR K..,"4,595",5,-0.11%,-6.59%,"6,565"
TIGER 차이나클린에너지SOLACTIV..,"6,360",105,-1.62%,+22.31%,"7,620"
TIGER 게임TOP10,"5,710",140,+2.51%,+3.25%,"502,588"
KODEX IT,"15,140",85,+0.56%,-11.44%,"3,012"
TIGER KEDI혁신기업ESG30,"9,475",115,+1.23%,-2.97%,"8,545"
KODEX 미국나스닥100선물인버스(..,"7,450",10,+0.13%,-9.64%,"70,857"
ACE ESG액티브,"7,440",10,+0.13%,-3.13%,240
PLUS 미국S&P500성장주,"11,120",40,-0.36%,N/A,"134,029"
KODEX 미국S&P바이오(합성),"29,255",655,-2.19%,+2.67%,"6,524"
TIGER Fn신재생에너지,"7,840",15,-0.19%,-4.39%,"41,853"
RISE TDF2050액티브,"13,385",85,-0.63%,+10.35%,"9,042"
RISE 미국고정배당우선증권 TR,"11,890",125,-1.04%,+4.67%,"11,238"
KODEX 테슬라밸류체인FactSet,"16,410",160,+0.98%,+34.34%,"8,943"
TIGER 퓨처모빌리티액티브,"7,195",5,-0.07%,-8.17%,658
RISE 미국30년국채액티브,"10,375",85,-0.81%,-4.54%,"19,156"
DAISHIN343 AI반도체&인프라액티..,"7,655",60,+0.79%,+0.72%,326
KODEX 미국S&P500유틸리티,"12,905",40,-0.31%,+7.97%,"211,073"
ACE 라이프자산주주가치액티브,"10,130",5,+0.05%,N/A,"7,224"
SOL 코리아밸류업TR,"9,505",60,+0.64%,N/A,"11,168"
HANARO Fn K-푸드,"10,730",75,+0.70%,+8.06%,"32,911"
KOSEF 국고채3년,"110,580",0,0.00%,+1.36%,94
KODEX 대만테크고배당다우존스,"9,415",60,-0.63%,+3.46%,"20,990"
ACE 미국IT인터넷S&P(합성 H),"20,510",35,+0.17%,+28.59%,"1,851"
KODEX iShares미국투자등급회사..,"11,620",20,-0.17%,+5.20%,"30,474"
RISE 200선물레버리지,"13,650",145,+1.07%,-9.33%,"10,341"
KODEX 웹툰&드라마,"3,270",120,+3.81%,+15.96%,"79,390"
KOSEF 코스닥150,"5,760",30,+0.52%,-5.34%,"4,363"
ACE 주주환원가치주액티브,"12,985",155,+1.21%,+8.98%,"1,932"
KODEX 차이나과창판STAR50(합성),"8,060",125,-1.53%,+60.24%,"18,681"
KODEX 배당성장,"15,390",80,+0.52%,-2.19%,"1,760"
ACE 러시아MSCI(합성),"8,720",0,0.00%,0.00%,0
SOL KEDI메가테크액티브,"14,005",120,+0.86%,-0.50%,"9,139"
HANARO Fn전기&수소차,"7,150",95,+1.35%,-10.01%,"2,586"
PLUS 애플채권혼합,"12,720",10,+0.08%,+6.66%,"34,210"
1Q 차이나H(H),"13,110",240,-1.80%,+18.59%,"1,709"
KODEX S&P글로벌인프라(합성),"18,060",60,-0.33%,+9.22%,"2,909"
RISE 삼성그룹Top3채권혼합,"9,795",50,+0.51%,-3.69%,"3,885"
KODEX KRX300,"15,660",35,+0.22%,-3.69%,"7,827"
TIGER 농산물선물Enhanced(H),"5,555",45,-0.80%,-0.45%,"7,984"
히어로즈 25-09 미국채권(AA-이..,"55,500",15,+0.03%,+7.84%,"3,865"
TIGER 200 에너지화학,"9,550",230,+2.47%,-12.26%,"67,306"
KODEX K-미래차액티브,"7,515",30,+0.40%,-9.07%,"1,799"
KOSEF 미국S&P500(H),"15,390",65,-0.42%,+8.27%,"14,934"
RISE 글로벌주식분산액티브,"13,950",65,-0.46%,+12.45%,"4,692"
WON 종합채권(AA-이상)액티브,"51,430",0,0.00%,+2.58%,0
PLUS 미국테크TOP10레버리지(합..,"30,365",40,+0.13%,+56.60%,"2,850"
PLUS 미국다우존스고배당주(합성..,"17,840",30,-0.17%,+4.97%,"3,737"
KODEX 국채선물3년인버스,"54,585",20,+0.04%,+0.34%,2
PLUS 선진국MSCI(합성 H),"11,940",290,-2.37%,-4.37%,"5,598"
파워 K-주주가치액티브,"10,010",95,+0.96%,N/A,54
ACE 미국친환경그린테마INDXX,"9,355",110,-1.16%,+8.09%,308
SOL K방산,"10,130",120,+1.20%,N/A,"148,245"
ACE 글로벌브랜드TOP10블룸버그,"18,325",10,+0.05%,+23.13%,"60,014"
KODEX 철강,"9,480",195,-2.02%,+15.61%,"18,215"
RISE 채권혼합,"60,465",65,+0.11%,-0.35%,1
RISE 배터리 리사이클링,"9,540",120,-1.24%,-5.78%,"7,361"
RISE 미국S&P원유생산기업(합성 ..,"6,170",60,-0.96%,+5.74%,"9,232"
RISE 헬스케어채권혼합,"11,985",85,+0.71%,-1.67%,"8,588"
TIGER 코스닥150선물인버스,"4,085",30,-0.73%,+3.81%,"881,600"
KODEX 유럽명품TOP10 STOXX,"9,480",30,+0.32%,+11.96%,"13,672"
에셋플러스 차이나일등기업포커..,"13,640",25,+0.18%,+38.41%,"1,980"
TIMEFOLIO 코리아밸류업액티브,"9,380",10,+0.11%,N/A,"202,761"
BNK 주주가치액티브,"13,365",90,+0.68%,-0.11%,4
ACE 미국달러단기채권액티브,"11,655",10,+0.09%,+8.62%,"31,468"
HANARO 코스닥150,"11,640",310,+2.74%,-5.25%,"5,434"
RISE V&S셀렉트밸류채권혼합,"11,600",5,+0.04%,-0.92%,391
KODEX 운송,"5,110",35,+0.69%,+4.61%,"14,173"
TIGER 200 금융,"8,620",80,-0.92%,+1.73%,"32,882"
KODEX 미국S&P500경기소비재,"18,200",70,-0.38%,+32.89%,"6,055"
RISE 국채30년레버리지(합성),"27,170",395,+1.48%,+13.92%,"1,472"
KCGI 미국S&P500 TOP10,"12,320",10,-0.08%,+22.04%,"65,023"
에셋플러스 코리아플랫폼액티브,"6,425",65,+1.02%,-0.16%,"18,437"
KODEX 미국S&P500커뮤니케이션,"16,665",50,+0.30%,+28.91%,"9,810"
TIGER 미국캐시카우100,"13,290",5,-0.04%,+16.78%,"15,859"
HANARO 주주가치성장코리아액티..,"10,070",20,+0.20%,-1.95%,959
히어로즈 미국성장기업30액티브,"15,320",60,-0.39%,+16.59%,218
HANARO Fn K-게임,"4,400",80,+1.85%,+4.14%,"24,799"
TIGER K게임,"7,635",220,+2.97%,+5.17%,"96,040"
TIGER 차이나CSI300인버스(합성),"7,340",130,+1.80%,-25.22%,"2,120"
TIGER 유로스탁스배당30,"12,130",35,-0.29%,-0.17%,696
PLUS 코리아밸류업,"9,515",50,+0.53%,N/A,8
TIGER S&P글로벌인프라(합성),"14,350",45,-0.31%,+7.87%,969
KODEX 구리선물(H),"7,165",95,-1.31%,-0.14%,"6,236"
RISE 글로벌수소경제,"7,370",5,+0.07%,+14.53%,"24,862"
파워 코스피100,"25,250",130,+0.52%,-3.34%,139
PLUS 미국테크TOP10,"18,580",0,0.00%,+26.61%,"1,654"
KODEX 미국S&P500필수소비재,"12,600",120,+0.96%,+6.77%,"6,082"
TIGER 단기선진하이일드(합성 H),"13,295",15,+0.11%,+1.03%,561
KODEX 필수소비재,"6,635",15,-0.23%,-1.78%,"5,139"
HANARO CD금리액티브(합성),"103,835",15,+0.01%,+0.82%,302
PLUS 미국배당증가성장주데일리..,"9,950",30,-0.30%,N/A,"158,653"
VITA MZ소비액티브,"7,925",140,+1.80%,-0.75%,"32,312"
KODEX KRX300레버리지,"11,875",160,+1.37%,-8.37%,"1,737"
PLUS 우량회사채50,"118,730",15,+0.01%,+0.98%,177
KODEX MSCI퀄리티,"8,475",0,0.00%,-4.00%,0
KOSEF 물가채KIS,"117,255",175,+0.15%,+2.86%,199
HANARO KOFR금리액티브(합성),"106,430",0,0.00%,+0.83%,2
ACE 원자력테마딥서치,"16,620",125,-0.75%,+0.67%,"11,244"
TIGER 일본TOPIX(합성 H),"23,230",355,-1.51%,+7.25%,676
SOL 국고채30년액티브,"57,930",180,+0.31%,+7.18%,104
PLUS 글로벌방산,"9,635",35,+0.36%,N/A,"51,229"
SOL 글로벌탄소배출권선물ICE(합..,"11,545",250,-2.12%,-1.28%,"2,658"
TIGER 글로벌자원생산기업(합성 ..,"14,360",40,-0.28%,-2.05%,341
RISE 미국S&P배당킹,"11,470",15,+0.13%,+6.57%,"5,079"
ACE 멕시코MSCI(합성),"12,735",75,+0.59%,+2.78%,"6,705"
RISE 미국테크100데일리고정커버..,"11,410",15,+0.13%,N/A,"45,398"
1Q 코리아밸류업,"9,500",10,+0.11%,N/A,720
PLUS 글로벌수소&차세대연료전지,"3,815",0,0.00%,+6.12%,"14,831"
RISE 미국장기국채선물(H),"8,585",50,-0.58%,-7.09%,"19,447"
ACE 2차전지&친환경차액티브,"7,410",125,-1.66%,-19.50%,"8,710"
KODEX MSCI밸류,"10,090",25,+0.25%,-6.62%,2
SOL 반도체전공정,"6,930",20,+0.29%,-8.58%,"27,791"
KODEX 200가치저변동,"11,085",5,-0.05%,-1.99%,569
TIGER 한중반도체(합성),"14,750",55,+0.37%,+33.42%,101
HANARO K-뷰티,"11,035",105,+0.96%,-9.10%,"3,417"
KODEX 미국클린에너지나스닥,"6,825",5,+0.07%,+12.25%,"1,317"
ITF 200,"33,205",80,+0.24%,-3.24%,362
TIGER MSCI KOREA ESG리더스,"8,740",55,-0.63%,-0.69%,1
KODEX MSCI Korea,"15,330",90,+0.59%,-4.72%,21
RISE 중국MSCI China(H),"8,565",155,-1.78%,+18.46%,"1,419"
KODEX 미국ETF산업Top10 Indxx,"17,840",30,+0.17%,+17.97%,"4,902"
KOSEF 미국블록버스터바이오테크..,"9,730",90,-0.92%,-6.48%,"2,183"
KODEX 기계장비,"7,010",10,-0.14%,+2.71%,"11,957"
RISE 200고배당커버드콜ATM,"8,175",45,+0.55%,+6.50%,"7,601"
KODEX 코스닥글로벌,"10,480",15,+0.14%,-2.96%,202
KoAct 미국뇌질환치료제액티브,"10,315",105,-1.01%,+6.07%,"8,648"
ACE 미국부동산리츠(합성 H),"85,605",245,-0.29%,-3.82%,295
KODEX MSCI모멘텀,"12,815",20,+0.16%,+2.56%,195
KOSEF 미국달러선물인버스2X,"4,700",15,-0.32%,-14.55%,"4,146"
KOSEF 고배당,"11,280",70,+0.62%,+4.75%,"10,384"
PLUS 일본엔화초단기국채(합성),"10,070",5,-0.05%,-1.03%,"59,008"
SOL 미국S&P500엔화노출(H),"10,045",55,-0.54%,N/A,"106,802"
KOSEF 블루칩,"8,360",120,+1.46%,-0.49%,168
히어로즈 미국달러SOFR금리액티..,"12,145",15,+0.12%,+8.87%,"4,592"
에셋플러스 글로벌대장장이액티..,"18,910",50,-0.26%,+26.28%,477
RISE 미국AI밸류체인데일리고정..,"11,540",5,+0.04%,N/A,"51,979"
TIGER LG그룹+펀더멘털,"6,800",15,+0.22%,-7.66%,"1,365"
TIGER 탄소효율그린뉴딜,"8,160",35,+0.43%,-3.94%,"3,511"
TIGER 미국달러선물레버리지,"16,270",20,+0.12%,+17.22%,"23,064"
TIGER AI코리아그로스액티브,"12,165",50,+0.41%,-2.13%,"3,832"
KoAct 미국천연가스인프라액티브,"9,730",80,-0.82%,N/A,"157,556"
HANARO 미국S&P500,"16,200",95,-0.58%,+16.36%,"1,262"
ACE 글로벌AI맞춤형반도체,"12,105",500,+4.31%,N/A,"49,558"
KODEX 코스피대형주,"12,055",15,+0.12%,-2.98%,"1,900"
RISE 코리아금융고배당,"9,640",45,-0.46%,N/A,"211,009"
TRUSTON 코리아밸류업액티브,"9,615",85,+0.89%,N/A,622
FOCUS KRX300,"16,000",0,0.00%,-4.02%,0
WON 한국부동산TOP3플러스,"9,555",45,+0.47%,-7.89%,556
TIMEFOLIO K컬처액티브,"9,505",290,+3.15%,-2.36%,"4,957"
KODEX 200exTOP,"11,810",80,+0.68%,-0.17%,1
KoAct 글로벌기후테크인프라액티..,"15,660",135,-0.85%,+29.06%,"4,401"
RISE 5대그룹주,"5,845",30,+0.52%,-6.85%,280
TREX 펀더멘탈 200,"37,370",130,+0.35%,-4.61%,1
마이티 코스피100,"25,720",460,+1.82%,-3.44%,16
RISE 미국반도체인버스(합성 H),"20,550",20,-0.10%,N/A,"3,638"
HANARO 글로벌반도체TOP10 SOLAC..,"16,675",120,+0.72%,+12.18%,"2,257"
KODEX 기후변화솔루션,"9,170",0,0.00%,-14.90%,301
KODEX K-뉴딜디지털플러스,"7,580",100,+1.34%,-3.93%,192
WON 미국빌리어네어,"12,965",5,+0.04%,+30.37%,"17,777"
KODEX 한중반도체(합성),"15,055",0,0.00%,+31.84%,0
TIGER 유로스탁스레버리지(합성 ..,"11,210",35,+0.31%,+3.08%,27
KODEX MSCI KOREA ESG유니버설,"9,935",60,+0.61%,-3.17%,4
TIGER 은행,"8,940",25,+0.28%,+2.89%,"16,402"
KOSEF 글로벌전력GRID인프라,"11,150",40,-0.36%,+12.00%,"3,753"
SOL 유럽탄소배출권선물S&P(H),"9,910",370,-3.60%,+0.66%,"4,269"
KODEX 미국스마트모빌리티S&P,"5,920",70,-1.17%,+17.23%,"5,662"
SOL 자동차소부장Fn,"8,825",75,+0.86%,-5.11%,27
에셋플러스 글로벌일등기업포커..,"14,705",105,-0.71%,+30.31%,"3,497"
TIGER 이머징마켓MSCI레버리지(..,"8,020",130,-1.60%,+3.48%,87
RISE 글로벌데이터센터리츠(합성..,"12,530",70,-0.56%,+3.17%,"6,376"
TIMEFOLIO 글로벌소비트렌드액티..,"11,590",20,-0.17%,N/A,"162,752"
SOL 미국500타겟커버드콜액티브,"10,850",35,-0.32%,N/A,"135,872"
TIGER 로우볼,"13,120",40,+0.31%,0.00%,15
HANARO 글로벌워터MSCI(합성),"14,245",120,-0.84%,+9.49%,69
TIGER 금은선물(H),"12,145",225,-1.82%,+3.27%,"9,339"
SOL 차이나육성산업액티브(합성),"7,720",155,-1.97%,+59.83%,"5,509"
ACE 일라이릴리밸류체인,"10,450",115,-1.09%,N/A,"75,302"
PLUS ESG성장주액티브,"7,960",125,+1.60%,-3.52%,95
마이다스 일본테크액티브,"22,135",180,-0.81%,+6.52%,32
ACE 글로벌빅파마,"10,370",100,-0.96%,N/A,"85,544"
HK 200,"33,085",290,+0.88%,-3.27%,2
PLUS 코스피50,"22,960",125,+0.55%,-3.41%,"1,158"
HK S&P코리아로우볼,"13,120",80,+0.61%,-0.72%,1
KODEX iShares미국인플레이션국..,"11,145",10,-0.09%,+5.74%,"12,134"
에셋플러스 코리아대장장이액티..,"10,280",210,+2.09%,-2.28%,153
TIGER 미국S&P500선물인버스(H),"2,860",10,+0.35%,-6.84%,"81,947"
PLUS K리츠,"6,520",45,-0.69%,-11.06%,"27,422"
TRUSTON 주주가치액티브,"11,290",165,+1.48%,-1.35%,353
TIGER MKF배당귀족,"12,475",210,+1.71%,-2.91%,396
TIGER 차이나항셍25,"17,995",330,-1.80%,+28.08%,"1,076"
KOSEF 미국달러선물인버스,"8,245",10,+0.12%,-7.10%,953
HANARO 바이오코리아액티브,"10,070",190,+1.92%,N/A,"11,361"
KODEX 아시아AI반도체exChina액..,"16,095",60,-0.37%,+4.13%,460
FOCUS ESG리더스,"10,715",65,+0.61%,-1.65%,6
VITA 밸류알파액티브,"11,480",170,+1.50%,-1.20%,"22,215"
파워 고배당저변동성,"33,340",90,+0.27%,+3.27%,239
TIGER 코리아테크액티브,"8,130",90,+1.12%,-9.92%,73
KODEX KTOP30,"15,875",190,+1.21%,-4.85%,33
TIMEFOLIO K이노베이션액티브,"7,930",235,+3.05%,+2.99%,"2,373"
TIGER 원유선물인버스(H),"2,830",10,+0.35%,-5.51%,"8,390"
SOL KRX300,"15,760",50,+0.32%,-3.99%,1
에셋플러스 글로벌영에이지액티..,"15,725",50,-0.32%,+30.39%,127
KOSEF KRX100,"5,235",50,+0.96%,-3.16%,173
ACE 레버리지,"6,040",15,+0.25%,-9.04%,"3,097"
RISE 일본섹터TOP4Plus,"10,460",245,-2.29%,+11.04%,"2,128"
HANARO 전력설비투자,"11,200",10,+0.09%,N/A,"22,022"
KODEX 혁신기술테마액티브,"13,065",105,+0.81%,-1.28%,6
TIGER KRX300,"15,575",120,+0.78%,-3.89%,13
KOSEF 코스닥글로벌,"11,120",155,+1.41%,-2.66%,100
RISE 차이나항셍테크,"7,030",140,-1.95%,+39.07%,"1,882"
KODEX 200 중소형,"12,880",135,+1.06%,-0.23%,"3,593"
HANARO 글로벌금채굴기업,"13,975",150,-1.06%,+4.29%,"2,937"
KOSEF 미국원유에너지기업,"11,825",80,-0.67%,+15.26%,"5,309"
RISE 주식혼합,"38,290",20,-0.05%,-2.44%,1
RISE 미국장기국채선물레버리지(..,"5,890",80,-1.34%,-14.88%,"5,198"
ACE 골드선물 레버리지(합성 H),"25,325",805,-3.08%,+5.87%,"7,333"
TIGER 경기방어채권혼합,"9,440",0,0.00%,-0.26%,"4,001"
RISE 유로스탁스50(H),"13,650",80,-0.58%,+1.90%,"11,014"
KODEX 코스닥150롱코스피200숏선..,"9,380",20,+0.21%,-0.85%,"1,060"
에셋플러스 글로벌다이나믹시니..,"14,425",10,+0.07%,+18.58%,152
KOSEF 의료AI,"9,975",220,+2.26%,+6.17%,"52,898"
마이다스 중소형액티브,"19,905",385,+1.97%,+0.10%,24
PLUS 200선물인버스2X,"4,955",60,-1.20%,+7.25%,"5,480"
SOL 의료기기소부장Fn,"9,225",175,+1.93%,-5.82%,"32,446"
SOL 200 Top10,"8,170",40,+0.49%,-2.97%,358
ACE 일본TOPIX인버스(합성 H),"2,450",20,+0.82%,-7.89%,"24,326"
RISE 국채선물3년,"54,790",165,-0.30%,+1.10%,71
TIGER 한중전기차(합성),"8,610",80,-0.92%,+15.65%,258
TIGER 미국나스닥넥스트100,"14,630",105,-0.71%,+20.41%,196
히어로즈 TDF2050액티브,"14,595",50,-0.34%,+11.33%,327
KOSEF 차이나A50커넥트MSCI,"9,730",55,-0.56%,+24.74%,330
TIGER 우량가치,"11,560",115,+1.00%,-3.79%,375
HANARO 탄소효율그린뉴딜,"8,090",20,-0.25%,-4.49%,50
KOSEF K-2차전지북미공급망,"8,090",85,-1.04%,-17.99%,"7,449"
히어로즈 TDF2040액티브,"14,420",20,-0.14%,+10.75%,47
KODEX 멀티팩터,"12,010",50,+0.42%,-2.24%,2
HANARO 코리아밸류업,"9,535",45,+0.47%,N/A,41
PLUS TDF2060액티브,"15,075",60,-0.40%,+13.18%,"9,301"
SOL 반도체후공정,"8,300",50,+0.61%,-16.29%,"34,266"
KOSEF Fn유전자혁신기술,"9,395",180,+1.95%,-2.44%,"6,267"
KODEX K-이노베이션액티브,"11,715",130,+1.12%,-3.50%,26
PLUS 국채선물10년,"56,480",65,+0.12%,+1.67%,"1,228"
ACE 중국과창판STAR50,"7,725",125,-1.59%,+61.27%,"9,868"
KODEX 미국30년국채울트라선물인..,"11,550",110,+0.96%,+10.74%,"5,237"
RISE 글로벌클린에너지,"6,290",0,0.00%,-9.50%,506
PLUS 200선물레버리지,"27,540",140,+0.51%,-9.14%,154
KOSEF 200선물인버스2X,"2,440",25,-1.01%,+7.49%,"40,542"
RISE 헬스케어,"13,690",200,+1.48%,-7.41%,"2,843"
PLUS S&P글로벌인프라,"17,105",20,-0.12%,+9.58%,"1,606"
PLUS 국채선물3년,"56,420",60,+0.11%,+1.18%,"3,005"
RISE 글로벌비만산업TOP2+,"10,395",150,-1.42%,-5.46%,"1,298"
KOSEF 200선물레버리지,"13,510",120,+0.90%,-9.21%,"2,863"
히어로즈 TDF2030액티브,"13,450",65,-0.48%,+9.13%,36
WON 200,"33,580",160,+0.48%,-3.83%,7
WON AI ESG액티브,"8,950",65,+0.73%,-2.45%,8
TREX 200,"33,555",30,+0.09%,-3.57%,30
KOSEF 독일DAX,"13,400",105,-0.78%,+11.16%,523
RISE V&S셀렉트밸류,"13,320",50,-0.37%,-3.90%,169
RISE KQ고배당,"11,025",155,+1.43%,+5.05%,19
RISE TDF2040액티브,"13,180",60,-0.45%,+9.60%,"2,351"
TIMEFOLIO K신재생에너지액티브,"10,955",25,+0.23%,-11.26%,645
ACE 중국본토CSI300레버리지(합..,"3,265",120,-3.55%,+64.32%,"28,779"
PLUS 고배당저변동50,"13,040",55,+0.42%,+2.86%,"1,904"
KOSEF 코스피100,"24,940",60,+0.24%,-3.35%,124
KoAct AI인프라액티브,"7,625",75,+0.99%,-0.13%,202
UNICORN SK하이닉스밸류체인액티..,"8,615",50,+0.58%,N/A,"7,883"
ACE 코스피,"25,825",45,+0.17%,-2.80%,"2,542"
PLUS 코스피,"25,815",345,+1.35%,-2.70%,294
RISE 국채선물10년,"55,585",200,-0.36%,+1.70%,252
KODEX 콩선물(H),"10,735",0,0.00%,-3.16%,122
RISE KRX300,"15,975",5,-0.03%,-3.68%,"1,467"
RISE TDF2030액티브,"12,770",40,-0.31%,+7.54%,"2,038"
TIGER KTOP30,"7,960",45,+0.57%,-4.27%,"1,063"
KODEX 국채선물10년인버스,"53,005",15,-0.03%,-0.39%,208
PLUS 글로벌AI인프라,"12,700",15,+0.12%,+21.18%,291
ACE 싱가포르리츠,"12,645",40,-0.32%,-6.06%,463
KOSEF K-반도체북미공급망,"7,435",85,+1.16%,-2.36%,"2,050"
RISE 미국빅데이터Top3채권혼합,"15,785",0,0.00%,+19.54%,"10,421"
RISE 글로벌농업경제,"9,000",120,-1.32%,+5.39%,"1,336"
KODEX MSCI EM선물(H),"8,375",165,-1.93%,+1.09%,"9,741"
ACE 차이나항셍테크,"6,975",145,-2.04%,+39.64%,"9,213"
SOL 유럽탄소배출권선물인버스IC..,"12,525",470,+3.90%,-1.84%,"3,196"
HANARO KAP초장기국고채,"42,165",165,+0.39%,+4.40%,529
KODEX 한중전기차(합성),"8,900",0,0.00%,+15.41%,0
KODEX 최소변동성,"10,295",0,0.00%,-3.77%,0
BNK 미래전략기술액티브,"10,240",85,+0.84%,0.00%,302
HANARO 글로벌탄소배출권선물ICE..,"9,425",205,-2.13%,-1.62%,926
HANARO 고배당,"13,610",70,+0.52%,+2.16%,"12,324"
SOL 한국형글로벌전기차&2차전지..,"12,175",115,-0.94%,+18.78%,"6,006"
TIGER 200커버드콜OTM,"12,170",30,+0.25%,-1.70%,310
ACE 미국하이일드액티브(H),"10,135",50,-0.49%,+1.90%,"7,641"
PLUS 글로벌MSCI(합성 H),"20,015",305,-1.50%,+4.22%,7
SOL 미국테크TOP10인버스(합성),"7,440",5,+0.07%,-20.81%,"3,145"
KODEX 차이나메타버스액티브,"11,900",15,+0.13%,+24.80%,8
RISE 미국달러선물인버스,"9,145",10,-0.11%,-7.06%,257
TIGER MSCI KOREA ESG유니버설,"9,880",0,0.00%,-3.10%,0
HANARO 미국메타버스iSelect,"16,795",185,-1.09%,+22.73%,53
PLUS ESG가치주액티브,"7,825",85,+1.10%,-4.16%,28
KODEX 모멘텀Plus,"11,590",0,0.00%,-5.12%,0
PLUS 글로벌HBM반도체,"16,480",230,-1.38%,+3.68%,836
RISE 우량업종대표주,"11,460",5,+0.04%,-1.63%,6
PLUS 주도업종,"10,400",95,+0.92%,-3.53%,43
RISE 200금융,"11,435",50,-0.44%,+1.83%,"1,332"
PLUS 미국달러SOFR금리액티브(합..,"58,110",65,+0.11%,+8.87%,39
RISE 국채선물5년추종인버스,"55,405",270,-0.48%,+0.05%,8
PLUS 신흥국MSCI인버스(합성 H),"10,840",120,+1.12%,-1.36%,2
ACE 필리핀MSCI(합성),"14,020",145,-1.02%,-2.94%,50
TIGER 라틴35,"4,310",75,-1.71%,+2.59%,"10,291"
RISE 중소형고배당,"11,080",150,+1.37%,+3.31%,770
SOL KRX기후변화솔루션,"9,145",50,-0.54%,-14.92%,853
TIGER 우선주,"10,920",5,+0.05%,-7.88%,"1,546"
히어로즈 글로벌리츠이지스액티..,"10,920",75,-0.68%,+1.05%,4
RISE 미국장기국채선물인버스(H),"10,885",60,+0.55%,+9.56%,41
TIGER 200커뮤니케이션서비스,"19,205",845,+4.60%,+13.79%,"3,379"
RISE 200선물인버스,"5,965",5,-0.08%,+4.47%,519
TIGER 코스닥글로벌,"10,735",270,+2.58%,-2.36%,"1,073"
RISE 국채선물5년추종,"51,620",85,-0.16%,+1.28%,4
TIGER 200 생활소비재,"8,480",5,+0.06%,-2.57%,750
ACE Fn5G플러스,"8,660",155,+1.82%,-1.98%,"2,264"
ACE Fn성장소비주도주,"5,760",100,+1.77%,+4.63%,98
TIGER 의료기기,"14,795",365,+2.53%,+2.49%,"2,015"
ACE 삼성그룹동일가중,"17,045",85,+0.50%,-6.76%,292
KOSEF 글로벌전력반도체,"8,410",180,-2.10%,+13.91%,"2,841"
RISE 차이나H선물인버스(H),"10,060",200,+2.03%,-18.84%,"5,601"
TIMEFOLIO 글로벌안티에이징바이..,"9,145",60,-0.65%,-8.09%,"175,902"
PLUS 심천차이넥스트(합성),"9,955",15,-0.15%,+53.39%,40
TIGER 코스피대형주,"12,430",15,+0.12%,-3.19%,"7,009"
PLUS 태양광&ESS,"9,000",20,+0.22%,-5.51%,"1,251"
KOSEF SK그룹대표주,"12,345",105,+0.86%,+2.39%,908
HANARO Fn K-메타버스MZ,"7,045",145,+2.10%,+0.93%,352
KODEX 멀티에셋하이인컴(H),"9,790",0,0.00%,-2.50%,0
KOSEF 미국방어배당성장나스닥,"15,280",35,+0.23%,+4.14%,463
KOSEF 차이나내수소비TOP CSI,"8,800",230,-2.55%,+31.89%,"12,223"
PLUS 미국대체투자Top10,"23,480",320,-1.34%,+37.83%,"4,646"
PLUS 코스닥150,"11,725",140,+1.21%,-5.41%,383
TIGER KRX기후변화솔루션,"9,230",20,-0.22%,-14.85%,388
KOSEF 코스닥150선물인버스,"7,245",50,-0.69%,+4.02%,"6,976"
HANARO K-메디테크,"9,120",140,+1.56%,+7.74%,"1,629"
SOL 차이나태양광CSI(합성),"4,500",80,-1.75%,+30.62%,623
BNK 2차전지양극재,"5,615",5,-0.09%,-15.18%,738
HANARO 단기채권액티브,"108,695",0,0.00%,+0.76%,0
TIGER 지주회사,"9,760",70,+0.72%,-3.84%,"3,765"
KCGI 테크미디어텔레콤액티브,"7,950",145,+1.86%,-2.33%,401
PLUS 스마트베타Quality채권혼합,"10,910",30,+0.28%,+0.51%,399
TIGER 200 경기소비재,"15,480",10,+0.06%,-1.65%,323
HANARO 200선물인버스,"10,745",55,-0.51%,+4.32%,"170,917"
KODEX 200동일가중,"10,700",150,+1.42%,-2.28%,389
RISE 팔라듐선물(H),"4,995",145,-2.82%,-7.24%,"16,342"
HANARO 200선물레버리지1.5X,"11,155",10,+0.09%,-6.34%,149
TIGER 증권,"5,725",185,-3.13%,+1.78%,"13,312"
HANARO Fn5G산업,"12,090",325,+2.76%,-6.05%,405
HANARO Fn친환경에너지,"6,425",95,-1.46%,-15.35%,"1,398"
KCGI 스마트커머스액티브,"8,325",75,+0.91%,+1.83%,739
KODEX 퀄리티Plus,"8,290",90,+1.10%,-1.25%,108
HANARO 농업융복합산업,"9,150",15,+0.16%,-5.91%,35
TIGER 200 철강소재,"9,220",160,-1.71%,+17.87%,"22,621"
HANARO 글로벌신재생에너지MSCI(..,"7,330",70,-0.95%,+2.30%,371
KODEX 경기소비재,"8,050",95,+1.19%,-5.29%,192
KODEX 밸류Plus,"7,980",105,+1.33%,-0.62%,"1,293"
TIGER 200동일가중,"11,160",10,+0.09%,-2.83%,100
PLUS 글로벌AI,"15,550",25,+0.16%,+37.49%,"3,365"
HANARO 코스닥150선물레버리지1...,"10,680",105,+0.99%,-9.34%,546
SOL 차이나강소기업CSI500(합성 ..,"4,790",35,-0.73%,+33.43%,951
히어로즈 리츠이지스액티브,"6,955",15,-0.22%,-10.47%,136
UNICORN R&D 액티브,"10,900",100,+0.93%,-4.22%,6
BNK 온디바이스AI,"6,745",130,+1.97%,-7.67%,17
KOSEF 200선물인버스,"5,995",45,-0.75%,+3.90%,339
TIGER 모멘텀,"29,575",0,0.00%,+2.37%,0
HANARO 미국애그테크,"11,780",135,-1.13%,+15.57%,59
TIGER 코스피중형주,"13,885",190,+1.39%,-3.31%,196
ACE 베트남VN30선물블룸버그레버..,"11,400",140,-1.21%,-1.17%,"1,569"
TIGER 금속선물(H),"5,680",15,-0.26%,+0.62%,684
RISE 수출주,"11,230",40,-0.35%,-1.58%,"7,073"
RISE 글로벌메타버스,"16,845",35,-0.21%,+23.86%,22
UNICORN 포스트IPO액티브,"6,040",145,+2.46%,-16.57%,27
KOSEF K-테크TOP10,"10,585",125,+1.20%,+1.78%,573
KOSEF 미국ETF산업STOXX,"15,495",110,-0.70%,+19.38%,283
HANARO KRX300,"15,305",20,-0.13%,-3.75%,58
KODEX 골드선물인버스(H),"5,480",70,+1.29%,-3.78%,896
PLUS 중형주저변동50,"11,965",180,+1.53%,-4.05%,26
RISE 플랫폼테마,"7,050",200,+2.92%,+28.77%,"8,237"
RISE 팔라듐선물인버스(H),"5,870",140,+2.44%,+3.25%,"1,952"
HK 베스트일레븐액티브,"8,365",0,0.00%,-7.39%,0
ACE 인버스,"5,775",60,-1.03%,+4.43%,"3,782"
PLUS TDF2040액티브,"13,020",15,-0.12%,+7.07%,165
TIGER 코스닥150IT,"11,240",40,+0.36%,-4.83%,197
KOSEF 코스닥150선물레버리지,"3,490",50,+1.45%,-12.86%,"36,134"
TIGER 방송통신,"6,980",90,+1.31%,+3.32%,"4,683"
TIGER 200에너지화학레버리지,"3,470",120,+3.58%,-27.02%,"7,359"
PLUS TDF2050액티브,"14,270",55,-0.38%,+12.01%,425
ACE 미국빅테크TOP7 Plus인버스(..,"10,055",10,+0.10%,-21.69%,862
PLUS TDF2030액티브,"12,555",20,-0.16%,+6.76%,180
HANARO 반도체핵심공정주도주,"5,550",130,+2.40%,-18.08%,"3,065"
RISE 코스닥150선물인버스,"4,105",25,-0.61%,+4.06%,"32,573"
PLUS 글로벌희토류&전략자원생산..,"4,370",35,+0.81%,+18.75%,"1,514"
RISE KP달러채권액티브,"57,360",0,0.00%,+7.72%,129
PLUS 코스닥150선물인버스,"6,195",35,-0.56%,+3.68%,646
KoAct 테크핵심소재공급망액티브,"5,985",65,-1.07%,-14.80%,265
ACE 밸류대형,"9,240",55,+0.60%,-4.55%,185
UNICORN 생성형AI강소기업액티브,"7,290",80,+1.11%,+0.14%,"1,315"
TIGER BBIG레버리지,"2,120",100,+4.95%,0.00%,"19,642"
HANARO 코스닥150선물레버리지,"7,030",65,+0.93%,-13.26%,"8,914"
HANARO 글로벌백신치료제MSCI,"11,245",45,-0.40%,-6.45%,333
HANARO Fn골프테마,"5,330",80,+1.52%,-7.14%,134
HANARO 200 TOP10,"7,975",10,-0.13%,-3.39%,"1,134"
TIGER 200 산업재,"6,630",120,+1.84%,-1.85%,309
SOL 한국형글로벌플랫폼&메타버..,"16,925",0,0.00%,+30.14%,19
RISE 창업투자회사,"6,700",205,+3.16%,+12.23%,664
