종목명,현재가,전일비,등락률,거래량,거래대금,link
KODEX CD금리액티브(합성),"1,056,990",100,+0.01%,+0.81%,"216,554",https://finance.naver.com/item/main.naver?code=459580
TIGER CD금리투자KIS(합성),"55,395",0,0.00%,+0.79%,"176,253",https://finance.naver.com/item/main.naver?code=357870
TIGER 미국S&P500,"21,625",50,-0.23%,+16.96%,"4,224,330",https://finance.naver.com/item/main.naver?code=360750
KODEX 200,"33,120",150,+0.45%,-3.64%,"4,449,334",https://finance.naver.com/item/main.naver?code=069500
KODEX KOFR금리액티브(합성),"108,940",30,+0.03%,+0.81%,"38,516",https://finance.naver.com/item/main.naver?code=423160
TIGER 미국나스닥100,"138,470",20,+0.01%,+20.51%,"192,951",https://finance.naver.com/item/main.naver?code=133690
KODEX 머니마켓액티브,"101,400",30,+0.03%,+0.90%,"46,189",https://finance.naver.com/item/main.naver?code=488770
TIGER KOFR금리액티브(합성),"107,455",25,+0.02%,+0.80%,"85,795",https://finance.naver.com/item/main.naver?code=449170
TIGER 미국테크TOP10 INDXX,"25,165",30,-0.12%,+26.43%,"1,310,333",https://finance.naver.com/item/main.naver?code=381170
KODEX 미국S&P500TR,"19,820",55,-0.28%,+16.90%,"2,163,052",https://finance.naver.com/item/main.naver?code=379800
KODEX 종합채권(AA-이상)액티브,"117,380",355,+0.30%,+2.49%,"71,467",https://finance.naver.com/item/main.naver?code=273130
TIGER 미국필라델피아반도체나스..,"19,135",195,+1.03%,+11.19%,"1,550,770",https://finance.naver.com/item/main.naver?code=381180
KODEX 레버리지,"14,900",100,+0.68%,-8.98%,"17,481,950",https://finance.naver.com/item/main.naver?code=122630
KODEX 200TR,"11,630",40,+0.35%,-3.37%,"179,387",https://finance.naver.com/item/main.naver?code=278530
RISE 머니마켓액티브,"53,395",10,+0.02%,+0.90%,"185,562",https://finance.naver.com/item/main.naver?code=455890
TIGER 200,"33,175",0,0.00%,-3.65%,"1,117,183",https://finance.naver.com/item/main.naver?code=102110
TIGER 미국배당다우존스,"12,980",5,-0.04%,+12.06%,"1,106,809",https://finance.naver.com/item/main.naver?code=458730
KODEX 1년은행양도성예금증서+액..,"1,023,195",100,+0.01%,+0.80%,"3,404",https://finance.naver.com/item/main.naver?code=481050
TIGER 차이나전기차SOLACTIVE,"9,390",200,-2.09%,+40.89%,"975,721",https://finance.naver.com/item/main.naver?code=371460
KODEX 코스닥150레버리지,"7,075",80,+1.14%,-13.40%,"35,767,375",https://finance.naver.com/item/main.naver?code=233740
ACE 미국30년국채액티브(H),"8,175",70,-0.85%,-9.66%,"2,179,313",https://finance.naver.com/item/main.naver?code=453850
TIGER MSCI Korea TR,"13,905",15,-0.11%,-4.83%,"11,538",https://finance.naver.com/item/main.naver?code=310970
KODEX 미국나스닥100TR,"20,765",0,0.00%,+20.69%,"1,138,079",https://finance.naver.com/item/main.naver?code=379810
KODEX 단기채권PLUS,"112,895",15,+0.01%,+0.88%,"10,387",https://finance.naver.com/item/main.naver?code=214980
ACE 미국S&P500,"21,855",50,-0.23%,+16.87%,"701,943",https://finance.naver.com/item/main.naver?code=360200
RISE 종합채권(A-이상)액티브,"108,910",155,+0.14%,+2.50%,370,https://finance.naver.com/item/main.naver?code=385540
TIGER 25-10 회사채(A+이상)액티..,"54,030",5,-0.01%,+0.92%,"58,390",https://finance.naver.com/item/main.naver?code=453540
ACE 미국나스닥100,"23,795",0,0.00%,+20.62%,"453,979",https://finance.naver.com/item/main.naver?code=367380
KODEX 코스닥150,"11,600",20,+0.17%,-5.38%,"7,025,298",https://finance.naver.com/item/main.naver?code=229200
RISE 200,"33,390",105,+0.32%,-3.57%,"316,804",https://finance.naver.com/item/main.naver?code=148020
KODEX 200선물인버스2X,"2,425",20,-0.82%,+7.06%,"91,706,421",https://finance.naver.com/item/main.naver?code=252670
TIGER 미국30년국채커버드콜액티..,"8,850",75,-0.84%,-8.37%,"2,293,426",https://finance.naver.com/item/main.naver?code=476550
KODEX 삼성그룹,"8,320",45,+0.54%,-9.71%,"238,481",https://finance.naver.com/item/main.naver?code=102780
TIGER CD1년금리액티브(합성),"1,031,280",85,+0.01%,+0.82%,"74,331",https://finance.naver.com/item/main.naver?code=475630
RISE CD금리액티브(합성),"102,580",20,+0.02%,+0.82%,"5,091",https://finance.naver.com/item/main.naver?code=477080
KODEX 25-12 은행채(AAA)액티브,"101,130",10,+0.01%,+0.94%,"2,349",https://finance.naver.com/item/main.naver?code=491080
TIGER 2차전지테마,"16,555",145,-0.87%,-18.11%,"1,292,596",https://finance.naver.com/item/main.naver?code=305540
KODEX 2차전지산업,"13,565",70,-0.51%,-19.26%,"978,566",https://finance.naver.com/item/main.naver?code=305720
KODEX 25-11 은행채(AA-이상)PLU..,"10,375",5,-0.05%,+1.02%,"11,762",https://finance.naver.com/item/main.naver?code=476810
TIGER 미국배당다우존스타겟커버..,"10,975",5,-0.05%,+10.60%,"550,876",https://finance.naver.com/item/main.naver?code=458760
SOL 종합채권(AA-이상)액티브,"113,800",235,+0.21%,+2.61%,85,https://finance.naver.com/item/main.naver?code=436140
RISE 미국나스닥100,"23,050",5,+0.02%,+20.61%,"371,964",https://finance.naver.com/item/main.naver?code=368590
TIGER 단기통안채,"109,080",15,+0.01%,+0.77%,"5,702",https://finance.naver.com/item/main.naver?code=157450
TIGER 25-12 금융채(AA-이상),"50,315",5,+0.01%,N/A,472,https://finance.naver.com/item/main.naver?code=494900
KODEX Top5PlusTR,"21,015",20,+0.10%,-2.30%,"8,647",https://finance.naver.com/item/main.naver?code=315930
TIGER TOP10,"10,790",75,+0.70%,-3.93%,"85,044",https://finance.naver.com/item/main.naver?code=292150
KODEX MSCI Korea TR,"11,095",40,+0.36%,-4.80%,"1,906",https://finance.naver.com/item/main.naver?code=278540
SOL 미국배당다우존스,"11,900",5,-0.04%,+12.07%,"566,714",https://finance.naver.com/item/main.naver?code=446720
TIGER 인도니프티50,"13,930",70,-0.50%,+3.03%,"415,276",https://finance.naver.com/item/main.naver?code=453870
ACE 종합채권(AA-이상)KIS액티브,"107,185",155,+0.14%,+2.38%,"4,789",https://finance.naver.com/item/main.naver?code=356540
KOSEF 200TR,"42,260",185,+0.44%,-3.48%,"111,962",https://finance.naver.com/item/main.naver?code=294400
KODEX 단기채권,"111,840",15,+0.01%,+0.76%,"12,982",https://finance.naver.com/item/main.naver?code=153130
ACE 테슬라밸류체인액티브,"18,480",385,-2.04%,+71.43%,"2,230,472",https://finance.naver.com/item/main.naver?code=457480
RISE 미국S&P500,"18,925",40,-0.21%,+16.89%,"258,761",https://finance.naver.com/item/main.naver?code=379780
TIGER 미국30년국채스트립액티브..,"42,650",430,-1.00%,-13.69%,"178,868",https://finance.naver.com/item/main.naver?code=458250
TIGER 종합채권(AA-이상)액티브,"56,275",130,+0.23%,+2.67%,"21,507",https://finance.naver.com/item/main.naver?code=451540
TIGER 미국달러단기채권액티브,"13,055",25,+0.19%,+8.97%,"140,045",https://finance.naver.com/item/main.naver?code=329750
KODEX 미국빅테크10(H),"47,735",270,+0.57%,+19.41%,"168,843",https://finance.naver.com/item/main.naver?code=314250
TIGER 차이나항셍테크,"7,195",210,-2.84%,+39.44%,"1,187,308",https://finance.naver.com/item/main.naver?code=371160
ACE KRX금현물,"17,660",175,-0.98%,+13.13%,"473,507",https://finance.naver.com/item/main.naver?code=411060
PLUS 200,"33,690",35,-0.10%,-3.56%,"195,945",https://finance.naver.com/item/main.naver?code=152100
TIGER 리츠부동산인프라,"4,110",50,-1.20%,-10.69%,"1,236,147",https://finance.naver.com/item/main.naver?code=329200
ACE 미국배당다우존스,"13,125",5,-0.04%,+12.15%,"330,494",https://finance.naver.com/item/main.naver?code=402970
TIGER 단기채권액티브,"54,955",10,+0.02%,+0.80%,"5,325",https://finance.naver.com/item/main.naver?code=272580
TIGER Fn반도체TOP10,"9,270",30,+0.32%,-7.58%,"386,978",https://finance.naver.com/item/main.naver?code=396500
TIGER 미국나스닥100타겟데일리..,"10,595",15,+0.14%,+20.00%,"617,639",https://finance.naver.com/item/main.naver?code=486290
KODEX 인버스,"4,635",20,-0.43%,+4.27%,"16,775,318",https://finance.naver.com/item/main.naver?code=114800
TIGER 미국달러SOFR금리액티브(..,"58,055",10,+0.02%,+9.07%,"14,615",https://finance.naver.com/item/main.naver?code=456610
TIGER 200 IT,"27,335",340,+1.26%,-10.36%,"20,826",https://finance.naver.com/item/main.naver?code=139260
KODEX 미국반도체MV,"24,085",80,+0.33%,+13.45%,"366,518",https://finance.naver.com/item/main.naver?code=390390
KODEX 인도Nifty50,"14,220",70,-0.49%,+2.41%,"300,782",https://finance.naver.com/item/main.naver?code=453810
TIGER 24-12 금융채(AA-이상),"52,275",10,-0.02%,+0.76%,696,https://finance.naver.com/item/main.naver?code=470260
ACE 미국빅테크TOP7 Plus,"18,435",5,+0.03%,+27.93%,"630,377",https://finance.naver.com/item/main.naver?code=465580
KODEX 국고채30년액티브,"124,975","1,135",+0.92%,+7.17%,"11,420",https://finance.naver.com/item/main.naver?code=439870
KODEX 자동차,"18,205",105,+0.58%,-2.23%,"125,888",https://finance.naver.com/item/main.naver?code=091180
RISE 단기통안채,"113,750",20,+0.02%,+0.76%,"3,398",https://finance.naver.com/item/main.naver?code=196230
TIGER 2차전지소재Fn,"4,560",85,-1.83%,-19.51%,"1,559,859",https://finance.naver.com/item/main.naver?code=462010
SOL 초단기채권액티브,"52,345",10,+0.02%,+0.92%,"97,606",https://finance.naver.com/item/main.naver?code=469830
KODEX 국고채3년,"61,865",80,+0.13%,+1.29%,"20,410",https://finance.naver.com/item/main.naver?code=114260
KODEX 반도체,"28,795",45,+0.16%,-8.06%,"334,845",https://finance.naver.com/item/main.naver?code=091160
PLUS 머니마켓액티브,"51,410",10,+0.02%,+0.89%,"7,022",https://finance.naver.com/item/main.naver?code=477050
PLUS 고배당주,"15,140",65,-0.43%,+0.52%,"233,164",https://finance.naver.com/item/main.naver?code=161510
KODEX 미국30년국채타겟커버드콜..,"9,535",75,-0.78%,-8.11%,"1,231,368",https://finance.naver.com/item/main.naver?code=481060
TIGER 미국테크TOP10타겟커버드..,"14,460",5,+0.03%,+26.13%,"474,667",https://finance.naver.com/item/main.naver?code=474220
HANARO 200,"33,260",100,+0.30%,-3.52%,"94,753",https://finance.naver.com/item/main.naver?code=293180
SOL 조선TOP3플러스,"14,360",180,+1.27%,+18.09%,"1,380,204",https://finance.naver.com/item/main.naver?code=466920
히어로즈 머니마켓액티브,"51,560",0,0.00%,+0.84%,"6,451",https://finance.naver.com/item/main.naver?code=476450
KODEX 미국S&P500(H),"14,110",25,-0.18%,+8.03%,"438,128",https://finance.naver.com/item/main.naver?code=449180
KOSEF 국고채10년,"119,410",290,+0.24%,+1.95%,"27,683",https://finance.naver.com/item/main.naver?code=148070
KODEX 선진국MSCI World,"31,570",105,-0.33%,+14.67%,"31,715",https://finance.naver.com/item/main.naver?code=251350
ACE 글로벌반도체TOP4 Plus SOLA..,"25,485",125,+0.49%,+11.87%,"82,934",https://finance.naver.com/item/main.naver?code=446770
KODEX 코스피,"25,480",55,+0.22%,-3.08%,"208,089",https://finance.naver.com/item/main.naver?code=226490
ACE 200,"33,555",85,+0.25%,-3.73%,"7,548",https://finance.naver.com/item/main.naver?code=105190
KOSEF 200,"33,075",5,-0.02%,-3.43%,"32,853",https://finance.naver.com/item/main.naver?code=069660
KODEX 미국달러SOFR금리액티브(..,"12,035",20,+0.17%,+9.36%,"256,193",https://finance.naver.com/item/main.naver?code=455030
TIGER 미국나스닥100커버드콜(합..,"11,250",10,+0.09%,+13.75%,"136,498",https://finance.naver.com/item/main.naver?code=441680
RISE KIS국고채30년Enhanced,"86,645",985,+1.15%,+9.91%,"28,746",https://finance.naver.com/item/main.naver?code=385560
RISE 미국30년국채엔화노출(합성..,"8,885",50,-0.56%,-10.64%,"707,680",https://finance.naver.com/item/main.naver?code=472870
1Q 머니마켓액티브,"51,430",5,+0.01%,+0.88%,"113,691",https://finance.naver.com/item/main.naver?code=479080
KODEX 미국AI테크TOP10타겟커버..,"11,730",80,+0.69%,+25.24%,"684,468",https://finance.naver.com/item/main.naver?code=483280
히어로즈 종합채권(AA-이상)액티..,"111,565",310,+0.28%,+2.63%,14,https://finance.naver.com/item/main.naver?code=454780
TIGER 미국S&P500TR(H),"14,600",45,-0.31%,+8.15%,"109,653",https://finance.naver.com/item/main.naver?code=448290
TIGER 중장기국채,"52,905",105,+0.20%,+1.59%,"5,190",https://finance.naver.com/item/main.naver?code=302190
KODEX 은행,"8,600",20,-0.23%,+2.56%,"408,252",https://finance.naver.com/item/main.naver?code=091170
KODEX 미국나스닥100(H),"17,070",15,-0.09%,+11.56%,"151,378",https://finance.naver.com/item/main.naver?code=449190
TIGER 2차전지TOP10,"9,200",10,-0.11%,-17.49%,"10,961,970",https://finance.naver.com/item/main.naver?code=364980
KODEX 26-12 회사채(AA-이상)액..,"10,585",0,0.00%,+1.20%,"33,506",https://finance.naver.com/item/main.naver?code=473290
1Q CD금리액티브(합성),"100,790",10,+0.01%,N/A,966,https://finance.naver.com/item/main.naver?code=491610
KODEX 미국30년국채울트라선물(H..,"7,850",55,-0.70%,-9.20%,"767,262",https://finance.naver.com/item/main.naver?code=304660
KODEX 미국30년국채액티브(H),"9,535",70,-0.73%,-8.87%,"1,001,891",https://finance.naver.com/item/main.naver?code=484790
KODEX 미국배당다우존스,"11,120",5,+0.04%,+12.22%,"567,848",https://finance.naver.com/item/main.naver?code=489250
TIGER 글로벌자율주행&전기차SOL..,"11,345",85,-0.74%,+19.30%,"33,071",https://finance.naver.com/item/main.naver?code=394660
KODEX ESG종합채권(A-이상)액티..,"113,135",20,-0.02%,+1.38%,3,https://finance.naver.com/item/main.naver?code=439860
TIGER 테슬라채권혼합Fn,"14,460",125,-0.86%,+24.92%,"503,527",https://finance.naver.com/item/main.naver?code=447770
TIMEFOLIO 글로벌AI인공지능액티..,"25,705",135,-0.52%,+34.23%,"281,281",https://finance.naver.com/item/main.naver?code=456600
PLUS 종합채권(AA-이상)액티브,"114,455",405,+0.36%,+2.65%,12,https://finance.naver.com/item/main.naver?code=451000
KODEX 25-11 회사채(A+이상)액티..,"10,700",5,+0.05%,+0.80%,"12,697",https://finance.naver.com/item/main.naver?code=467940
TIGER 헬스케어,"36,915",900,+2.50%,-2.71%,"84,361",https://finance.naver.com/item/main.naver?code=143860
TIGER 글로벌리튬&2차전지SOLACT..,"6,955",110,-1.56%,+27.26%,"31,693",https://finance.naver.com/item/main.naver?code=394670
TIGER 일본니케이225,"22,295",315,-1.39%,+8.25%,"31,604",https://finance.naver.com/item/main.naver?code=241180
1Q 단기금융채액티브,"105,815",10,+0.01%,+0.86%,"1,077",https://finance.naver.com/item/main.naver?code=463290
KODEX 국고채10년액티브,"113,555",275,+0.24%,+1.94%,"40,194",https://finance.naver.com/item/main.naver?code=471230
TIGER 27-04회사채(A+이상)액티..,"52,085",5,+0.01%,+1.42%,"2,861",https://finance.naver.com/item/main.naver?code=480260
ACE CD금리&초단기채권액티브,"101,725",20,+0.02%,+0.93%,"10,890",https://finance.naver.com/item/main.naver?code=487340
KOSEF 인도Nifty50(합성),"26,120",115,-0.44%,+2.03%,"96,803",https://finance.naver.com/item/main.naver?code=200250
KODEX 미국AI전력핵심인프라,"13,040",30,-0.23%,+35.90%,"296,128",https://finance.naver.com/item/main.naver?code=487230
PLUS K방산,"18,215",155,+0.86%,+3.00%,"295,679",https://finance.naver.com/item/main.naver?code=449450
TIGER 미국필라델피아반도체레버..,"24,780",550,+2.27%,+19.38%,"245,377",https://finance.naver.com/item/main.naver?code=423920
RISE 200위클리커버드콜,"8,590",35,+0.41%,-4.08%,"406,521",https://finance.naver.com/item/main.naver?code=475720
TIGER 미국S&P500동일가중,"11,125",10,+0.09%,+14.09%,"112,463",https://finance.naver.com/item/main.naver?code=488500
TIGER 투자등급회사채액티브,"114,840",75,+0.07%,+1.61%,"3,085",https://finance.naver.com/item/main.naver?code=438330
ACE 베트남VN30(합성),"21,285",160,-0.75%,+6.77%,"23,625",https://finance.naver.com/item/main.naver?code=245710
RISE KOFR금리액티브(합성),"102,220",30,+0.03%,+0.80%,"2,440",https://finance.naver.com/item/main.naver?code=479520
TIGER 미국나스닥100TR(H),"17,565",10,-0.06%,+11.56%,"89,907",https://finance.naver.com/item/main.naver?code=448300
TIGER 미국S&P500타겟데일리커버..,"11,460",5,-0.04%,+17.00%,"221,366",https://finance.naver.com/item/main.naver?code=482730
TIGER 은행고배당플러스TOP10,"14,125",130,-0.91%,+2.83%,"419,994",https://finance.naver.com/item/main.naver?code=466940
SOL 미국배당다우존스(H),"11,570",10,-0.09%,+3.53%,"372,438",https://finance.naver.com/item/main.naver?code=452360
KODEX 코스닥150선물인버스,"4,050",20,-0.49%,+4.38%,"36,738,279",https://finance.naver.com/item/main.naver?code=251340
KODEX 테슬라커버드콜채권혼합액..,"9,975",25,-0.25%,+10.78%,"268,816",https://finance.naver.com/item/main.naver?code=475080
KODEX 미국나스닥100레버리지(합..,"12,995",15,-0.12%,+22.88%,"81,328",https://finance.naver.com/item/main.naver?code=409820
RISE 200TR,"18,275",75,+0.41%,-3.61%,"10,534",https://finance.naver.com/item/main.naver?code=361580
SOL AI반도체소부장,"9,515",15,-0.16%,-13.03%,"77,526",https://finance.naver.com/item/main.naver?code=455850
SOL 26-12 회사채(AA-이상)액티..,"50,660",10,+0.02%,N/A,"10,415",https://finance.naver.com/item/main.naver?code=488980
RISE ESG사회책임투자,"12,290",100,+0.82%,-1.84%,"7,709",https://finance.naver.com/item/main.naver?code=290130
TIGER 미국S&P500선물(H),"65,715",210,-0.32%,+7.49%,"9,028",https://finance.naver.com/item/main.naver?code=143850
RISE 비메모리반도체액티브,"9,210",130,+1.43%,-7.34%,"89,697",https://finance.naver.com/item/main.naver?code=388420
TIGER 반도체,"29,705",65,+0.22%,-8.25%,"76,527",https://finance.naver.com/item/main.naver?code=091230
KODEX 2차전지산업레버리지,"1,508",19,-1.24%,-38.45%,"6,083,474",https://finance.naver.com/item/main.naver?code=462330
TIGER 글로벌AI액티브,"18,630",0,0.00%,+33.93%,"107,293",https://finance.naver.com/item/main.naver?code=466950
TIGER 코리아밸류업,"9,530",35,+0.37%,N/A,"949,222",https://finance.naver.com/item/main.naver?code=496080
SOL 미국30년국채커버드콜(합성),"10,075",30,-0.30%,+1.01%,"151,962",https://finance.naver.com/item/main.naver?code=473330
TIMEFOLIO 미국나스닥100액티브,"27,460",230,-0.83%,+41.29%,"202,982",https://finance.naver.com/item/main.naver?code=426030
KODEX 코리아밸류업,"9,500",30,+0.32%,N/A,"125,033",https://finance.naver.com/item/main.naver?code=495850
RISE 수소경제테마,"8,445",0,0.00%,-6.43%,"31,260",https://finance.naver.com/item/main.naver?code=367770
KODEX 차이나항셍테크,"7,165",180,-2.45%,+39.67%,"199,040",https://finance.naver.com/item/main.naver?code=372330
KODEX AI전력핵심설비,"9,095",5,-0.05%,+15.35%,"2,711,531",https://finance.naver.com/item/main.naver?code=487240
ACE 국고채10년,"93,975",215,+0.23%,+1.98%,"18,708",https://finance.naver.com/item/main.naver?code=365780
TIGER 화장품,"2,705",25,+0.93%,-10.28%,"2,063,408",https://finance.naver.com/item/main.naver?code=228790
TIGER 미국테크TOP10 INDXX(H),"15,465",15,-0.10%,+17.65%,"423,245",https://finance.naver.com/item/main.naver?code=472160
KODEX TRF3070,"13,620",15,+0.11%,+5.83%,"49,744",https://finance.naver.com/item/main.naver?code=329650
ACE 미국S&P500채권혼합액티브,"12,935",5,+0.04%,+11.27%,"226,441",https://finance.naver.com/item/main.naver?code=438080
TIGER 글로벌비만치료제TOP2Plus,"10,125",145,-1.41%,-10.82%,"52,352",https://finance.naver.com/item/main.naver?code=476690
KODEX 단기변동금리부채권액티브,"112,725",10,+0.01%,+0.76%,961,https://finance.naver.com/item/main.naver?code=273140
KODEX 골드선물(H),"16,345",260,-1.57%,+3.78%,"60,312",https://finance.naver.com/item/main.naver?code=132030
ACE 미국달러SOFR금리(합성),"11,760",10,+0.09%,+8.89%,"21,271",https://finance.naver.com/item/main.naver?code=456880
ACE 미국빅테크7+데일리타겟커버..,"12,420",30,-0.24%,+24.08%,"299,494",https://finance.naver.com/item/main.naver?code=480020
TIGER 차이나CSI300,"10,325",220,-2.09%,+30.86%,"100,415",https://finance.naver.com/item/main.naver?code=192090
HANARO Fn K-반도체,"9,075",75,+0.83%,-5.91%,"73,988",https://finance.naver.com/item/main.naver?code=395270
RISE 25-06 은행채(AA+이상)액티..,"50,920",5,+0.01%,+0.80%,299,https://finance.naver.com/item/main.naver?code=483230
SOL 200TR,"12,070",0,0.00%,-3.36%,"26,360",https://finance.naver.com/item/main.naver?code=295040
히어로즈 CD금리액티브(합성),"105,600",25,+0.02%,+0.80%,237,https://finance.naver.com/item/main.naver?code=458210
RISE 25-03 회사채(AA-이상)액티..,"51,015",5,+0.01%,+0.82%,"2,650",https://finance.naver.com/item/main.naver?code=464540
RISE 단기국공채액티브,"111,455",10,+0.01%,+0.87%,"1,874",https://finance.naver.com/item/main.naver?code=272560
SOL 국고채10년,"112,020",215,+0.19%,+2.05%,"3,106",https://finance.naver.com/item/main.naver?code=438570
KODEX 200액티브,"9,525",70,+0.74%,N/A,702,https://finance.naver.com/item/main.naver?code=494890
TIGER 인도빌리언컨슈머,"10,540",100,-0.94%,-5.41%,"61,438",https://finance.naver.com/item/main.naver?code=479730
TIGER 미국채10년선물,"12,605",20,-0.16%,+3.62%,"73,803",https://finance.naver.com/item/main.naver?code=305080
TIGER 글로벌혁신블루칩TOP10,"16,225",125,-0.76%,+19.74%,"87,720",https://finance.naver.com/item/main.naver?code=464930
TIGER 국고채30년스트립액티브,"64,015",775,+1.23%,+11.24%,"52,946",https://finance.naver.com/item/main.naver?code=451530
TIGER 미국투자등급회사채액티브..,"49,480",285,-0.57%,-2.79%,"10,274",https://finance.naver.com/item/main.naver?code=458260
RISE 25-11 회사채(AA-이상)액티..,"52,630",10,+0.02%,+0.94%,"6,384",https://finance.naver.com/item/main.naver?code=448600
SOL 미국배당미국채혼합50,"10,540",0,0.00%,N/A,"392,832",https://finance.naver.com/item/main.naver?code=490490
TIGER 미국MSCI리츠(합성 H),"13,280",0,0.00%,-3.77%,"16,242",https://finance.naver.com/item/main.naver?code=182480
ACE 엔비디아채권혼합블룸버그,"22,180",0,0.00%,+8.46%,"66,152",https://finance.naver.com/item/main.naver?code=448540
KODEX 장기종합채권(AA-이상)액..,"102,600",520,+0.51%,+4.19%,738,https://finance.naver.com/item/main.naver?code=363570
KODEX 미국달러선물인버스2X,"5,370",5,-0.09%,-14.42%,"488,846",https://finance.naver.com/item/main.naver?code=261260
TIGER BBIG,"6,350",170,+2.75%,+2.09%,"104,635",https://finance.naver.com/item/main.naver?code=364960
ACE 엔비디아밸류체인액티브,"9,920",90,+0.92%,+17.54%,"350,549",https://finance.naver.com/item/main.naver?code=483320
ACE 26-06 회사채(AA-이상)액티..,"10,880",0,0.00%,+1.16%,"16,588",https://finance.naver.com/item/main.naver?code=461270
TIGER 글로벌온디바이스AI,"10,935",110,+1.02%,+15.84%,"121,391",https://finance.naver.com/item/main.naver?code=480310
TIGER 차이나과창판STAR50(합성),"7,990",100,-1.24%,+62.73%,"279,370",https://finance.naver.com/item/main.naver?code=414780
KODEX 미국S&P500선물(H),"27,420",85,-0.31%,+7.83%,"8,415",https://finance.naver.com/item/main.naver?code=219480
SOL 25-09 회사채(AA-이상)액티..,"53,410",0,0.00%,+0.85%,13,https://finance.naver.com/item/main.naver?code=462540
RISE 글로벌자산배분액티브,"12,985",30,-0.23%,+8.62%,"215,695",https://finance.naver.com/item/main.naver?code=461490
TIGER 미국나스닥100TR채권혼합F..,"13,105",5,+0.04%,+6.85%,"70,547",https://finance.naver.com/item/main.naver?code=435420
KODEX 바이오,"7,990",130,+1.65%,-5.67%,"219,414",https://finance.naver.com/item/main.naver?code=244580
RISE 2차전지액티브,"7,055",30,-0.42%,-16.31%,"78,240",https://finance.naver.com/item/main.naver?code=422420
KODEX TDF2050액티브,"14,535",35,-0.24%,+10.92%,"176,455",https://finance.naver.com/item/main.naver?code=434060
TIGER 코스피,"25,835",95,+0.37%,-2.62%,"21,402",https://finance.naver.com/item/main.naver?code=277630
PLUS 코스피TR,"13,520",155,+1.16%,-2.98%,43,https://finance.naver.com/item/main.naver?code=328370
TIGER 미국테크TOP10채권혼합,"13,160",10,+0.08%,+11.20%,"137,863",https://finance.naver.com/item/main.naver?code=472170
SOL 미국AI소프트웨어,"13,815",105,+0.77%,+28.93%,"512,252",https://finance.naver.com/item/main.naver?code=481180
ACE 미국WideMoat동일가중,"28,350",45,-0.16%,+12.41%,"26,659",https://finance.naver.com/item/main.naver?code=309230
TIGER 미국필라델피아AI반도체나..,"10,665",215,+2.06%,N/A,"1,740,743",https://finance.naver.com/item/main.naver?code=497570
KODEX 2차전지핵심소재10,"4,700",70,-1.47%,-19.45%,"271,698",https://finance.naver.com/item/main.naver?code=461950
ACE 미국500데일리타겟커버드콜(..,"11,160",25,-0.22%,+16.71%,"208,968",https://finance.naver.com/item/main.naver?code=480030
SOL 2차전지소부장Fn,"4,355",60,-1.36%,-20.09%,"345,126",https://finance.naver.com/item/main.naver?code=455860
KODEX 한국부동산리츠인프라,"4,590",30,-0.65%,-10.61%,"684,270",https://finance.naver.com/item/main.naver?code=476800
TIGER 미국AI빅테크10,"11,930",10,+0.08%,+22.80%,"385,984",https://finance.naver.com/item/main.naver?code=490090
ACE 25-06 회사채(AA-이상)액티..,"10,720",0,0.00%,+0.75%,"3,369",https://finance.naver.com/item/main.naver?code=461260
TIGER 바이오TOP10,"7,295",195,+2.75%,-3.51%,"667,503",https://finance.naver.com/item/main.naver?code=364970
TIMEFOLIO K바이오액티브,"11,510",225,+1.99%,-1.79%,"336,978",https://finance.naver.com/item/main.naver?code=463050
SOL 미국S&P500,"18,065",40,-0.22%,+16.94%,"37,521",https://finance.naver.com/item/main.naver?code=433330
1Q 현대차그룹채권(A+이상)&국고..,"50,355",35,-0.07%,N/A,4,https://finance.naver.com/item/main.naver?code=492500
RISE IT플러스,"15,140",110,+0.73%,-3.93%,"1,831",https://finance.naver.com/item/main.naver?code=326240
1Q 25-08 회사채(A+이상)액티브,"106,895",10,+0.01%,+0.85%,283,https://finance.naver.com/item/main.naver?code=466400
KODEX 미국배당커버드콜액티브,"12,135",30,-0.25%,+14.51%,"177,409",https://finance.naver.com/item/main.naver?code=441640
RISE 국고채3년선물인버스,"108,840",110,-0.10%,+0.28%,4,https://finance.naver.com/item/main.naver?code=282000
KODEX 미국나스닥100선물(H),"25,330",15,-0.06%,+11.29%,"5,455",https://finance.naver.com/item/main.naver?code=304940
ACE 2월만기자동연장회사채AA-이..,"10,365",5,+0.05%,+0.78%,"1,151",https://finance.naver.com/item/main.naver?code=475260
PLUS 국고채10년액티브,"55,965",215,+0.39%,+2.01%,49,https://finance.naver.com/item/main.naver?code=461460
TIGER 코스닥150,"11,875",90,+0.76%,-5.49%,"375,287",https://finance.naver.com/item/main.naver?code=232080
KoAct 바이오헬스케어액티브,"13,190",185,+1.42%,-3.62%,"340,615",https://finance.naver.com/item/main.naver?code=462900
SOL 미국테크TOP10,"13,575",35,-0.26%,+26.63%,"137,495",https://finance.naver.com/item/main.naver?code=481190
RISE 코스닥150,"11,510",30,+0.26%,-5.07%,"37,908",https://finance.naver.com/item/main.naver?code=270810
TIGER 미국나스닥100레버리지(합..,"27,105",15,-0.06%,+44.29%,"56,304",https://finance.naver.com/item/main.naver?code=418660
KODEX 미국배당다우존스타겟커버..,"10,730",15,+0.14%,+10.30%,"94,325",https://finance.naver.com/item/main.naver?code=483290
ACE 중국본토CSI300,"28,260",490,-1.70%,+32.37%,"1,896",https://finance.naver.com/item/main.naver?code=168580
TIGER 미국AI빅테크10타겟데일리..,"11,175",0,0.00%,N/A,"205,614",https://finance.naver.com/item/main.naver?code=493810
KODEX 미국종합채권ESG액티브(H),"102,070",255,-0.25%,-2.17%,"1,968",https://finance.naver.com/item/main.naver?code=437080
TIGER 글로벌메타버스액티브,"11,890",15,+0.13%,+29.45%,"13,968",https://finance.naver.com/item/main.naver?code=412770
TIGER 글로벌4차산업혁신기술(합..,"17,255",205,-1.17%,+4.86%,"10,483",https://finance.naver.com/item/main.naver?code=275980
HK 종합채권(AA-이상)액티브,"110,025",0,0.00%,+2.56%,0,https://finance.naver.com/item/main.naver?code=472920
ACE 단기통안채,"103,755",15,+0.01%,+0.80%,"3,105",https://finance.naver.com/item/main.naver?code=190620
TIGER 미국다우존스30,"30,895",105,-0.34%,+15.30%,"14,176",https://finance.naver.com/item/main.naver?code=245340
KODEX 미국나스닥100데일리커버..,"10,865",0,0.00%,N/A,"877,770",https://finance.naver.com/item/main.naver?code=494300
PLUS KOFR금리,"106,215",5,0.00%,+0.81%,"22,907",https://finance.naver.com/item/main.naver?code=453010
ACE 미국30년국채엔화노출액티브..,"9,530",95,-0.99%,-10.79%,"139,807",https://finance.naver.com/item/main.naver?code=476750
KODEX K-메타버스액티브,"6,850",175,+2.62%,+8.04%,"83,761",https://finance.naver.com/item/main.naver?code=401470
TIGER 소프트웨어,"8,550",200,+2.40%,+13.70%,"275,789",https://finance.naver.com/item/main.naver?code=157490
마이티 26-09 특수채(AAA)액티브,"107,515",10,+0.01%,+1.24%,10,https://finance.naver.com/item/main.naver?code=465780
RISE 메타버스,"6,075",200,+3.40%,+9.36%,"51,236",https://finance.naver.com/item/main.naver?code=401170
WON 25-09 회사채(AA-이상)액티..,"53,830",0,0.00%,+0.98%,"1,093",https://finance.naver.com/item/main.naver?code=468820
BNK 26-06 특수채(AAA이상)액티..,"50,055",15,-0.03%,N/A,655,https://finance.naver.com/item/main.naver?code=495710
KOSEF 단기자금,"104,885",0,0.00%,+0.80%,"3,505",https://finance.naver.com/item/main.naver?code=130730
히어로즈 25-09 회사채(AA-이상)..,"50,425",10,+0.02%,N/A,42,https://finance.naver.com/item/main.naver?code=489870
SOL 미국AI전력인프라,"13,275",45,-0.34%,+39.66%,"201,765",https://finance.naver.com/item/main.naver?code=486450
KODEX 배당가치,"13,485",10,+0.07%,-2.78%,"90,706",https://finance.naver.com/item/main.naver?code=325020
RISE 코스피,"25,715",20,+0.08%,-3.06%,"1,297",https://finance.naver.com/item/main.naver?code=302450
TIGER 여행레저,"3,060",50,+1.66%,-0.81%,"174,387",https://finance.naver.com/item/main.naver?code=228800
1Q K200액티브,"10,545",50,+0.48%,-3.39%,"12,799",https://finance.naver.com/item/main.naver?code=451060
TIGER 차이나CSI300레버리지(합..,"19,375",785,-3.89%,+71.08%,"25,139",https://finance.naver.com/item/main.naver?code=204480
KODEX 차이나CSI300,"12,730",255,-1.96%,+31.58%,"43,629",https://finance.naver.com/item/main.naver?code=283580
TIGER 일본엔선물,"8,870",20,-0.22%,-1.11%,"97,101",https://finance.naver.com/item/main.naver?code=292560
TIMEFOLIO Korea플러스배당액티..,"13,185",15,-0.11%,+0.24%,"89,728",https://finance.naver.com/item/main.naver?code=441800
RISE 2차전지TOP10인버스(합성),"32,425",75,+0.23%,+15.72%,"359,773",https://finance.naver.com/item/main.naver?code=465350
KODEX AI반도체핵심장비,"8,095",45,+0.56%,-15.06%,"237,389",https://finance.naver.com/item/main.naver?code=471990
RISE 단기종합채권(AA-이상)액티..,"110,705",0,0.00%,+0.86%,"4,671",https://finance.naver.com/item/main.naver?code=385550
HANARO MSCI Korea TR,"13,865",35,-0.25%,-5.20%,50,https://finance.naver.com/item/main.naver?code=332940
TIGER 국채3년,"107,660",90,+0.08%,+1.36%,"1,185",https://finance.naver.com/item/main.naver?code=114820
HANARO 200TR,"42,200",35,-0.08%,-3.37%,"1,290",https://finance.naver.com/item/main.naver?code=332930
TIGER 미국S&P500배당귀족,"12,785",15,+0.12%,+8.60%,"61,889",https://finance.naver.com/item/main.naver?code=429000
TIGER Fn메타버스,"6,775",110,+1.65%,+8.14%,"88,533",https://finance.naver.com/item/main.naver?code=400970
ACE 11월만기자동연장회사채AA-..,"10,450",0,0.00%,+0.87%,"1,479",https://finance.naver.com/item/main.naver?code=473440
TIGER AI반도체핵심공정,"7,860",0,0.00%,-13.91%,"152,855",https://finance.naver.com/item/main.naver?code=471760
KODEX K-로봇액티브,"12,175",105,+0.87%,-2.99%,"30,098",https://finance.naver.com/item/main.naver?code=445290
HANARO 종합채권(AA-이상)액티브,"113,905",225,+0.20%,+2.57%,"14,945",https://finance.naver.com/item/main.naver?code=461500
히어로즈 단기채권ESG액티브,"109,825",20,+0.02%,+1.05%,"10,108",https://finance.naver.com/item/main.naver?code=419890
TIGER 배당커버드콜액티브,"9,975",60,+0.61%,-1.79%,"50,820",https://finance.naver.com/item/main.naver?code=472150
ACE 미국빅테크TOP7 Plus레버리..,"30,030",10,-0.03%,+59.31%,"119,259",https://finance.naver.com/item/main.naver?code=465610
TIGER 미디어컨텐츠,"5,555",240,+4.52%,+33.69%,"880,295",https://finance.naver.com/item/main.naver?code=228810
HANARO 머니마켓액티브,"50,780",0,0.00%,+0.88%,"3,539",https://finance.naver.com/item/main.naver?code=486830
KODEX 글로벌비만치료제TOP2 Plu..,"11,120",195,-1.72%,-11.32%,"105,279",https://finance.naver.com/item/main.naver?code=476070
ACE 미국나스닥100채권혼합액티..,"13,485",15,+0.11%,+12.23%,"147,799",https://finance.naver.com/item/main.naver?code=438100
ACE 미국반도체데일리타겟커버드..,"10,130",45,+0.45%,+7.58%,"152,872",https://finance.naver.com/item/main.naver?code=480040
KOSEF 미국S&P500,"17,410",40,-0.23%,+17.30%,"7,440",https://finance.naver.com/item/main.naver?code=449770
PLUS 국공채머니마켓액티브,"50,520",0,0.00%,+0.89%,117,https://finance.naver.com/item/main.naver?code=491230
KODEX 미국AI테크TOP10,"11,590",25,-0.22%,+25.62%,"239,655",https://finance.naver.com/item/main.naver?code=485540
KODEX 200미국채혼합,"12,890",20,-0.15%,+0.74%,"31,425",https://finance.naver.com/item/main.naver?code=284430
KODEX 은선물(H),"5,585",290,-4.94%,+2.48%,"511,044",https://finance.naver.com/item/main.naver?code=144600
ACE 미국30년국채선물레버리지(..,"6,120",90,-1.45%,-19.05%,"156,665",https://finance.naver.com/item/main.naver?code=452250
KODEX 성장주,"13,655",120,+0.89%,-1.23%,"9,242",https://finance.naver.com/item/main.naver?code=325010
TIGER 200 중공업,"5,380",30,+0.56%,+11.50%,"176,086",https://finance.naver.com/item/main.naver?code=139230
파워 종합채권(AA-이상)액티브,"101,580",0,0.00%,N/A,0,https://finance.naver.com/item/main.naver?code=498180
ACE 8월만기자동연장회사채AA-이..,"10,350",0,0.00%,+0.83%,142,https://finance.naver.com/item/main.naver?code=475280
TIGER 2차전지TOP10레버리지,"1,654",4,+0.24%,-35.14%,"1,419,655",https://finance.naver.com/item/main.naver?code=412570
RISE 국고채10년액티브,"107,045",5,0.00%,+1.78%,"10,057",https://finance.naver.com/item/main.naver?code=481430
TIGER 중국소비테마,"5,765",100,+1.77%,-8.35%,"59,003",https://finance.naver.com/item/main.naver?code=150460
KODEX 헬스케어,"16,600",385,+2.37%,-3.04%,"32,908",https://finance.naver.com/item/main.naver?code=266420
TIGER 200선물레버리지,"11,385",155,+1.38%,-9.17%,"92,844",https://finance.naver.com/item/main.naver?code=267770
RISE 중기우량회사채,"106,630",0,0.00%,+1.15%,879,https://finance.naver.com/item/main.naver?code=136340
TIMEFOLIO 글로벌우주테크&방산..,"13,290",105,-0.78%,+21.09%,"138,277",https://finance.naver.com/item/main.naver?code=478150
ACE 미국30년국채액티브,"10,395",45,-0.43%,-1.67%,"112,676",https://finance.naver.com/item/main.naver?code=476760
RISE 중국본토대형주CSI100,"18,640",335,-1.77%,+28.73%,"8,876",https://finance.naver.com/item/main.naver?code=174360
KODEX 삼성전자채권혼합,"10,545",10,+0.09%,-3.06%,"93,363",https://finance.naver.com/item/main.naver?code=448330
RISE 중국본토CSI300,"10,855",195,-1.76%,+32.38%,"3,265",https://finance.naver.com/item/main.naver?code=463300
히어로즈 26-09 회사채(AA-이상)..,"52,470",15,+0.03%,+1.24%,"3,712",https://finance.naver.com/item/main.naver?code=464240
TIGER 미국배당다우존스타겟커버..,"11,980",5,-0.04%,+11.67%,"25,800",https://finance.naver.com/item/main.naver?code=458750
TIGER 200선물인버스2X,"2,570",35,-1.34%,+7.31%,"1,634,413",https://finance.naver.com/item/main.naver?code=252710
TIGER 미국S&P500레버리지(합성 ..,"48,620",270,-0.55%,+15.73%,"9,281",https://finance.naver.com/item/main.naver?code=225040
KODEX WTI원유선물(H),"14,510",50,-0.34%,+4.13%,"98,546",https://finance.naver.com/item/main.naver?code=261220
RISE 코스닥150선물레버리지,"7,950",45,+0.57%,-13.21%,"49,312",https://finance.naver.com/item/main.naver?code=278240
ACE G2전기차&자율주행액티브,"11,745",170,-1.43%,+43.06%,"116,916",https://finance.naver.com/item/main.naver?code=414270
TIGER 인도니프티50레버리지(합..,"45,950",230,-0.50%,+4.43%,"5,684",https://finance.naver.com/item/main.naver?code=236350
TIGER 경기방어,"10,030",235,+2.40%,-1.38%,"8,651",https://finance.naver.com/item/main.naver?code=139280
PLUS 신흥국MSCI(합성 H),"9,970",125,-1.24%,+2.26%,"10,253",https://finance.naver.com/item/main.naver?code=195980
ACE 24-12 회사채(AA-이상)액티..,"106,445",5,0.00%,+0.79%,"1,038",https://finance.naver.com/item/main.naver?code=448880
TIGER 200TR,"18,860",50,+0.27%,-3.43%,"19,299",https://finance.naver.com/item/main.naver?code=310960
PLUS 미국S&P500(H),"24,600",85,-0.34%,+8.39%,"8,157",https://finance.naver.com/item/main.naver?code=269540
SOL CD금리&머니마켓액티브,"50,125",0,0.00%,N/A,"69,406",https://finance.naver.com/item/main.naver?code=497880
SOL 미국S&P500ESG,"17,090",65,-0.38%,+16.24%,"46,835",https://finance.naver.com/item/main.naver?code=399110
TIGER 글로벌AI&로보틱스 INDXX,"13,595",115,-0.84%,+18.32%,"35,200",https://finance.naver.com/item/main.naver?code=464310
KODEX 아시아달러채권ESG플러스..,"60,480",70,-0.12%,+6.48%,36,https://finance.naver.com/item/main.naver?code=437070
TIGER 현대차그룹+펀더멘털,"26,515",140,+0.53%,-0.92%,"15,728",https://finance.naver.com/item/main.naver?code=138540
SOL 국고채3년,"106,905",185,-0.17%,+1.14%,956,https://finance.naver.com/item/main.naver?code=438560
KODEX 미국10년국채선물,"11,885",25,-0.21%,+2.72%,"35,326",https://finance.naver.com/item/main.naver?code=308620
PLUS 단기채권액티브,"115,485",10,+0.01%,+0.97%,144,https://finance.naver.com/item/main.naver?code=278620
HANARO 25-12 은행채(AA+이상)액..,"10,075",5,+0.05%,N/A,"6,046",https://finance.naver.com/item/main.naver?code=489570
KODEX 미국달러선물,"14,035",5,-0.04%,+8.97%,"27,005",https://finance.naver.com/item/main.naver?code=261240
HANARO Fn K-POP&미디어,"7,265",290,+4.16%,+31.97%,"102,204",https://finance.naver.com/item/main.naver?code=395290
KODEX 미국메타버스나스닥액티브,"15,530",20,-0.13%,+36.77%,"8,501",https://finance.naver.com/item/main.naver?code=411420
RISE 고배당,"13,270",10,-0.08%,-2.64%,"13,454",https://finance.naver.com/item/main.naver?code=266160
RISE 대형고배당10TR,"18,000",90,-0.50%,-3.82%,"2,461",https://finance.naver.com/item/main.naver?code=315960
TIGER 코스닥150 레버리지,"7,925",90,+1.15%,-12.82%,"496,604",https://finance.naver.com/item/main.naver?code=233160
ACE 마이크로소프트밸류체인액티..,"12,665",135,-1.05%,+27.99%,"75,915",https://finance.naver.com/item/main.naver?code=483330
TIGER 미국나스닥바이오,"23,670",285,-1.19%,+0.32%,"24,813",https://finance.naver.com/item/main.naver?code=203780
KODEX 미국서학개미,"18,745",110,-0.58%,+45.20%,"1,273,251",https://finance.naver.com/item/main.naver?code=473460
KODEX 차이나H레버리지(H),"2,045",100,-4.66%,+35.25%,"389,496",https://finance.naver.com/item/main.naver?code=204450
TIGER 골드선물(H),"17,420",280,-1.58%,+3.75%,"34,308",https://finance.naver.com/item/main.naver?code=319640
RISE 미국S&P500(H),"14,845",55,-0.37%,+8.03%,"34,595",https://finance.naver.com/item/main.naver?code=453330
SOL 한국형글로벌반도체액티브,"18,480",260,+1.43%,+9.45%,"7,502",https://finance.naver.com/item/main.naver?code=423170
KODEX TRF5050,"16,250",25,+0.15%,+8.33%,"36,929",https://finance.naver.com/item/main.naver?code=329660
RISE 글로벌원자력,"20,010",170,-0.84%,+31.13%,"49,094",https://finance.naver.com/item/main.naver?code=442320
PLUS 고배당주위클리커버드콜,"10,000",90,-0.89%,-0.23%,"656,092",https://finance.naver.com/item/main.naver?code=489030
RISE 미국달러SOFR금리액티브(합..,"11,690",0,0.00%,+9.00%,"22,875",https://finance.naver.com/item/main.naver?code=455960
ACE 단기채권알파액티브,"108,765",5,0.00%,+0.82%,"2,821",https://finance.naver.com/item/main.naver?code=440640
ACE 인도컨슈머파워액티브,"10,600",110,-1.03%,+3.26%,"11,081",https://finance.naver.com/item/main.naver?code=487910
KODEX 반도체레버리지,"7,520",70,+0.94%,N/A,"75,804",https://finance.naver.com/item/main.naver?code=494310
HANARO CAPEX설비투자iSelect,"13,525",65,-0.48%,+0.56%,"233,501",https://finance.naver.com/item/main.naver?code=454320
SOL 미국30년국채액티브(H),"9,205",60,-0.65%,-9.13%,"25,239",https://finance.naver.com/item/main.naver?code=461600
ACE 구글밸류체인액티브,"11,270",35,-0.31%,+25.92%,"282,259",https://finance.naver.com/item/main.naver?code=483340
TIGER 차이나전기차레버리지(합..,"6,170",155,-2.45%,+87.25%,"22,821",https://finance.naver.com/item/main.naver?code=456680
PLUS 일본반도체소부장,"12,980",245,-1.85%,+3.63%,"202,585",https://finance.naver.com/item/main.naver?code=464920
KODEX Top10동일가중,"7,370",25,+0.34%,-4.53%,679,https://finance.naver.com/item/main.naver?code=395170
ACE AI반도체포커스,"12,205",5,+0.04%,-8.06%,"41,427",https://finance.naver.com/item/main.naver?code=469150
ACE 중장기국공채액티브,"106,850",10,-0.01%,+1.56%,3,https://finance.naver.com/item/main.naver?code=272910
SOL 머니마켓액티브,"50,875",5,+0.01%,+0.83%,"22,192",https://finance.naver.com/item/main.naver?code=484890
KODEX 국채선물10년,"70,560",195,+0.28%,+1.92%,"2,890",https://finance.naver.com/item/main.naver?code=152380
HANARO e커머스,"9,965",325,+3.37%,+8.08%,"14,731",https://finance.naver.com/item/main.naver?code=322400
KODEX TRF7030,"18,915",40,+0.21%,+10.65%,"27,537",https://finance.naver.com/item/main.naver?code=329670
SOL 미국TOP5채권혼합40 Solacti..,"13,640",35,-0.26%,+9.73%,"36,565",https://finance.naver.com/item/main.naver?code=447620
에셋플러스 글로벌플랫폼액티브,"13,510",20,-0.15%,+46.69%,"18,493",https://finance.naver.com/item/main.naver?code=407830
KODEX 미국러셀2000(H),"14,245",210,-1.45%,+9.96%,"58,276",https://finance.naver.com/item/main.naver?code=280930
TIGER 차이나HSCEI,"11,340",290,-2.49%,+27.34%,"34,454",https://finance.naver.com/item/main.naver?code=245360
PLUS 200TR,"38,260",115,+0.30%,-3.47%,98,https://finance.naver.com/item/main.naver?code=491220
KODEX 인도타타그룹,"10,720",90,-0.83%,-1.88%,"15,400",https://finance.naver.com/item/main.naver?code=477730
PLUS 고배당주채권혼합,"12,530",5,-0.04%,+0.80%,"34,761",https://finance.naver.com/item/main.naver?code=251600
마이다스 코스피액티브,"19,680",90,+0.46%,-2.26%,87,https://finance.naver.com/item/main.naver?code=403790
KODEX 미국달러선물인버스,"7,915",0,0.00%,-7.05%,"47,424",https://finance.naver.com/item/main.naver?code=261270
TIGER 일본반도체FACTSET,"11,640",40,-0.34%,+0.13%,"3,498",https://finance.naver.com/item/main.naver?code=465660
SOL 금융지주플러스고배당,"11,100",95,-0.85%,+1.48%,"207,098",https://finance.naver.com/item/main.naver?code=484880
RISE 국고채3년,"109,950",85,+0.08%,+1.39%,"5,103",https://finance.naver.com/item/main.naver?code=114100
HANARO 원자력iSelect,"17,230",140,-0.81%,+2.10%,"38,065",https://finance.naver.com/item/main.naver?code=434730
TIGER 조선TOP10,"11,550",155,+1.36%,N/A,"450,121",https://finance.naver.com/item/main.naver?code=494670
KOSEF 미국나스닥100(H),"17,680",45,-0.25%,+11.44%,"103,944",https://finance.naver.com/item/main.naver?code=453080
TIGER 레버리지,"14,715",120,+0.82%,-8.74%,"87,534",https://finance.naver.com/item/main.naver?code=123320
WON 대한민국국고채액티브,"58,645",70,+0.12%,+3.78%,463,https://finance.naver.com/item/main.naver?code=426150
PLUS 미국S&P500,"16,070",40,-0.25%,+16.33%,"4,365",https://finance.naver.com/item/main.naver?code=429760
HANARO Fn조선해운,"14,900",195,+1.33%,+16.41%,"44,033",https://finance.naver.com/item/main.naver?code=441540
RISE 버크셔포트폴리오TOP10,"12,930",5,+0.04%,+14.73%,"31,783",https://finance.naver.com/item/main.naver?code=475350
RISE AI&로봇,"7,960",185,+2.38%,+5.57%,"109,221",https://finance.naver.com/item/main.naver?code=469070
RISE 미국배당100데일리고정커버..,"10,385",5,-0.05%,N/A,"65,707",https://finance.naver.com/item/main.naver?code=490600
KODEX 미디어&엔터테인먼트,"12,115",335,+2.84%,+16.49%,"92,607",https://finance.naver.com/item/main.naver?code=266360
KODEX 차이나H,"19,430",525,-2.63%,+28.38%,"9,241",https://finance.naver.com/item/main.naver?code=099140
HANARO 32-10 국고채액티브,"58,245",175,+0.30%,+2.32%,"1,674",https://finance.naver.com/item/main.naver?code=448490
KOSEF 통안채1년,"106,250",5,0.00%,+0.90%,299,https://finance.naver.com/item/main.naver?code=122260
KODEX 미국S&P500배당귀족커버드..,"8,735",15,+0.17%,+1.31%,"8,398",https://finance.naver.com/item/main.naver?code=276970
ACE 글로벌인컴TOP10 SOLACTIVE,"11,520",45,-0.39%,+10.20%,"57,244",https://finance.naver.com/item/main.naver?code=460960
KOSEF 글로벌AI반도체,"15,960",10,+0.06%,+13.35%,"42,461",https://finance.naver.com/item/main.naver?code=473490
PLUS 미국채30년액티브,"53,845",355,-0.65%,-1.64%,"5,595",https://finance.naver.com/item/main.naver?code=464470
TIMEFOLIO 코스피액티브,"9,015",45,+0.50%,-1.58%,"13,177",https://finance.naver.com/item/main.naver?code=385720
RISE 금융채액티브,"103,160",30,+0.03%,+1.41%,607,https://finance.naver.com/item/main.naver?code=336160
KODEX K-신재생에너지액티브,"16,150",35,-0.22%,-6.92%,"8,433",https://finance.naver.com/item/main.naver?code=385510
RISE 글로벌리얼티인컴,"10,585",5,-0.05%,-1.07%,"14,290",https://finance.naver.com/item/main.naver?code=475380
파워 200,"33,430",135,+0.41%,-3.50%,127,https://finance.naver.com/item/main.naver?code=152870
KODEX 유럽탄소배출권선물ICE(H),"9,745",415,-4.08%,-1.02%,"66,599",https://finance.naver.com/item/main.naver?code=400570
TIGER 200 헬스케어,"19,765",455,+2.36%,-3.98%,"17,081",https://finance.naver.com/item/main.naver?code=227540
KODEX 인도Nifty50레버리지(합성..,"18,430",85,-0.46%,+3.63%,"13,719",https://finance.naver.com/item/main.naver?code=453820
TIGER 글로벌AI인프라액티브,"13,735",115,-0.83%,+32.64%,"38,811",https://finance.naver.com/item/main.naver?code=491010
TIGER 글로벌클라우드컴퓨팅INDX..,"13,210",15,+0.11%,+41.21%,"29,373",https://finance.naver.com/item/main.naver?code=371450
KODEX 미국달러선물레버리지,"16,200",15,+0.09%,+17.69%,"120,600",https://finance.naver.com/item/main.naver?code=261250
ACE 삼성그룹섹터가중,"13,685",110,+0.81%,-9.52%,"8,476",https://finance.naver.com/item/main.naver?code=108450
KODEX 건설,"2,850",55,+1.97%,-11.35%,"87,713",https://finance.naver.com/item/main.naver?code=117700
KODEX 200IT TR,"10,595",100,+0.95%,-10.36%,887,https://finance.naver.com/item/main.naver?code=363580
KODEX 미국부동산리츠(H),"12,490",5,+0.04%,-3.51%,"50,792",https://finance.naver.com/item/main.naver?code=352560
TIGER S&P글로벌헬스케어(합성),"23,160",45,-0.19%,-4.38%,"1,403",https://finance.naver.com/item/main.naver?code=248270
WON 단기국공채액티브,"52,995",0,0.00%,+0.85%,70,https://finance.naver.com/item/main.naver?code=458030
TIGER 인버스,"5,180",15,-0.29%,+4.33%,"251,832",https://finance.naver.com/item/main.naver?code=123310
TIGER 인터넷TOP10,"4,115",175,+4.44%,+25.46%,"588,829",https://finance.naver.com/item/main.naver?code=365000
SOL 자동차TOP3플러스,"10,485",45,+0.43%,-2.37%,"24,847",https://finance.naver.com/item/main.naver?code=466930
KOSEF 미국달러선물,"15,965",30,+0.19%,+8.75%,"1,266",https://finance.naver.com/item/main.naver?code=138230
KODEX 미국테크1조달러기업포커..,"12,885",10,+0.08%,+21.61%,"16,445",https://finance.naver.com/item/main.naver?code=491090
KODEX 200ESG,"13,340",65,+0.49%,-0.89%,703,https://finance.naver.com/item/main.naver?code=337160
RISE 2차전지TOP10,"9,510",30,+0.32%,-16.40%,"50,234",https://finance.naver.com/item/main.naver?code=465330
KODEX 고배당,"10,390",10,-0.10%,+1.60%,"41,879",https://finance.naver.com/item/main.naver?code=279530
KODEX iShares미국하이일드액티..,"11,575",15,-0.13%,+9.44%,"21,040",https://finance.naver.com/item/main.naver?code=468380
DAISHIN343 K200,"33,380",100,+0.30%,-3.54%,11,https://finance.naver.com/item/main.naver?code=434960
HANARO Fn K-뉴딜디지털플러스,"7,530",205,+2.80%,-3.28%,781,https://finance.naver.com/item/main.naver?code=368190
PLUS 미국장기우량회사채,"97,745",610,-0.62%,+2.32%,"1,451",https://finance.naver.com/item/main.naver?code=332620
ACE 200TR,"21,645",65,+0.30%,-3.56%,"1,994",https://finance.naver.com/item/main.naver?code=332500
ACE 포스코그룹포커스,"4,600",50,-1.08%,-25.93%,"489,437",https://finance.naver.com/item/main.naver?code=469170
TIGER 차이나바이오테크SOLACTIV..,"5,930",105,-1.74%,+23.93%,"16,781",https://finance.naver.com/item/main.naver?code=371470
TIGER 유로스탁스50(합성 H),"17,705",85,-0.48%,+3.45%,"33,451",https://finance.naver.com/item/main.naver?code=195930
KODEX 코스피100,"25,815",95,+0.37%,-3.26%,"25,201",https://finance.naver.com/item/main.naver?code=237350
RISE 컨택트대표,"6,115",120,+2.00%,+5.80%,"2,396",https://finance.naver.com/item/main.naver?code=388280
KoAct 글로벌AI&로봇액티브,"15,335",55,-0.36%,+22.05%,"13,477",https://finance.naver.com/item/main.naver?code=471040
TIMEFOLIO 미국S&P500액티브,"22,235",155,-0.69%,+25.76%,"27,028",https://finance.naver.com/item/main.naver?code=426020
ACE 5월만기자동연장회사채AA-이..,"10,360",5,+0.05%,+0.78%,"3,811",https://finance.naver.com/item/main.naver?code=475270
KoAct 배당성장액티브,"9,325",95,+1.03%,-3.42%,"3,295",https://finance.naver.com/item/main.naver?code=476850
RISE 국채선물10년인버스,"53,130",100,-0.19%,-0.46%,7,https://finance.naver.com/item/main.naver?code=295020
KODEX 한국대만IT프리미어,"24,980",105,+0.42%,+8.86%,"6,442",https://finance.naver.com/item/main.naver?code=298770
KOSEF 국고채10년레버리지,"119,140",630,+0.53%,+3.24%,94,https://finance.naver.com/item/main.naver?code=167860
RISE 게임테마,"9,010",230,+2.62%,+6.38%,"149,118",https://finance.naver.com/item/main.naver?code=300640
KODEX 증권,"7,760",45,-0.58%,-0.77%,"41,249",https://finance.naver.com/item/main.naver?code=102970
SOL 미국AI반도체칩메이커,"10,930",230,+2.15%,+13.26%,"68,177",https://finance.naver.com/item/main.naver?code=479620
KODEX 200타겟위클리커버드콜,"9,900",30,+0.30%,N/A,"955,761",https://finance.naver.com/item/main.naver?code=498400
SOL 미국나스닥100,"13,120",10,+0.08%,+20.51%,"30,994",https://finance.naver.com/item/main.naver?code=476030
HANARO 200선물레버리지,"16,540",65,+0.39%,-9.20%,"1,839",https://finance.naver.com/item/main.naver?code=304780
PLUS 미국나스닥테크,"36,815",135,+0.37%,+16.15%,"3,402",https://finance.naver.com/item/main.naver?code=287180
PLUS 우주항공&UAM,"12,980",90,+0.70%,+0.31%,"18,857",https://finance.naver.com/item/main.naver?code=421320
TIGER 글로벌멀티에셋TIF액티브,"11,615",5,-0.04%,+9.23%,"27,680",https://finance.naver.com/item/main.naver?code=440340
WON 미국S&P500,"16,315",50,-0.31%,+16.79%,"10,365",https://finance.naver.com/item/main.naver?code=444490
RISE 미국30년국채커버드콜(합성..,"9,795",55,-0.56%,+0.83%,"17,109",https://finance.naver.com/item/main.naver?code=472830
ACE KPOP포커스,"8,620",370,+4.48%,+42.83%,"265,321",https://finance.naver.com/item/main.naver?code=475050
KoAct 코리아밸류업액티브,"9,700",130,+1.36%,N/A,"9,130",https://finance.naver.com/item/main.naver?code=495230
RISE 코리아밸류업,"9,530",80,+0.85%,N/A,"20,402",https://finance.naver.com/item/main.naver?code=495050
PLUS 미국단기회사채(AAA~A),"128,340",0,0.00%,+7.84%,340,https://finance.naver.com/item/main.naver?code=332610
KODEX 차이나심천ChiNext(합성),"10,120",185,-1.80%,+54.15%,"15,702",https://finance.naver.com/item/main.naver?code=256750
TIGER 구리실물,"11,415",230,-1.98%,+5.74%,"14,602",https://finance.naver.com/item/main.naver?code=160580
KOSEF 글로벌퓨처모빌리티,"12,005",100,-0.83%,+19.99%,"4,185",https://finance.naver.com/item/main.naver?code=394350
KODEX 3대농산물선물(H),"8,470",80,-0.94%,-0.88%,"9,140",https://finance.naver.com/item/main.naver?code=271060
KODEX 코스피TR,"12,440",40,+0.32%,-3.08%,"11,778",https://finance.naver.com/item/main.naver?code=359210
ACE 미국주식베스트셀러,"18,370",30,+0.16%,+41.42%,"78,553",https://finance.naver.com/item/main.naver?code=473590
TIGER 차이나항셍테크레버리지(..,"6,910",365,-5.02%,+53.90%,"136,663",https://finance.naver.com/item/main.naver?code=438320
HANARO 글로벌럭셔리S&P(합성),"20,275",110,+0.55%,+20.15%,"8,644",https://finance.naver.com/item/main.naver?code=354350
RISE 중장기국공채액티브,"109,735",85,+0.08%,+1.58%,6,https://finance.naver.com/item/main.naver?code=272570
TIGER 배당성장,"19,235",160,+0.84%,-2.46%,"7,245",https://finance.naver.com/item/main.naver?code=211560
KODEX K-친환경조선해운액티브,"14,185",360,+2.60%,+15.14%,"33,615",https://finance.naver.com/item/main.naver?code=445150
ACE 일본반도체,"11,210",180,-1.58%,+1.13%,"1,054",https://finance.naver.com/item/main.naver?code=469160
KODEX 시스템반도체,"7,880",45,+0.57%,-10.91%,"80,703",https://finance.naver.com/item/main.naver?code=395160
KODEX 미국S&P500금융,"17,550",40,-0.23%,+20.13%,"24,471",https://finance.naver.com/item/main.naver?code=453650
ACE 코리아밸류업,"9,690",0,0.00%,N/A,"4,255",https://finance.naver.com/item/main.naver?code=496120
ACE 인도네시아MSCI(합성),"10,030",160,-1.57%,-5.02%,"10,128",https://finance.naver.com/item/main.naver?code=256440
RISE 5G테크,"9,475",85,+0.91%,-8.01%,"6,301",https://finance.naver.com/item/main.naver?code=367760
SOL 미국배당다우존스TR,"10,820",15,+0.14%,N/A,"128,103",https://finance.naver.com/item/main.naver?code=493420
FOCUS AI코리아액티브,"11,795",75,+0.64%,-4.76%,1,https://finance.naver.com/item/main.naver?code=448570
RISE 미국반도체NYSE,"15,190",130,+0.86%,+7.93%,"95,709",https://finance.naver.com/item/main.naver?code=469060
TIGER 글로벌이노베이션액티브,"17,210",40,-0.23%,+18.36%,"1,105",https://finance.naver.com/item/main.naver?code=387270
KODEX 200롱코스닥150숏선물,"9,215",0,0.00%,+0.33%,"24,113",https://finance.naver.com/item/main.naver?code=360140
RISE 미국반도체NYSE(H),"13,940",120,+0.87%,-0.19%,"52,233",https://finance.naver.com/item/main.naver?code=469050
KODEX 차이나A50,"21,490",390,-1.78%,+25.89%,"1,864",https://finance.naver.com/item/main.naver?code=169950
KODEX 미국S&P500에너지(합성),"14,915",85,-0.57%,+13.94%,"3,347",https://finance.naver.com/item/main.naver?code=218420
RISE 글로벌테크놀로지(합성 H),"32,055",310,-0.96%,+8.92%,682,https://finance.naver.com/item/main.naver?code=276650
KODEX 미국S&P500산업재(합성),"34,145",220,-0.64%,+14.99%,"3,808",https://finance.naver.com/item/main.naver?code=200030
RISE 내수주플러스,"8,355",45,+0.54%,-2.68%,5,https://finance.naver.com/item/main.naver?code=326230
TIGER 미국방산TOP10,"9,480",5,-0.05%,N/A,"24,238",https://finance.naver.com/item/main.naver?code=494840
KODEX 차이나2차전지MSCI(합성),"6,600",85,-1.27%,+34.15%,"6,777",https://finance.naver.com/item/main.naver?code=419430
ACE 인도시장대표BIG5그룹액티브,"9,615",125,-1.28%,-6.01%,"8,753",https://finance.naver.com/item/main.naver?code=487920
KODEX 일본TOPIX100,"22,240",260,-1.16%,+9.00%,"23,806",https://finance.naver.com/item/main.naver?code=101280
RISE 미국AI테크액티브,"11,080",60,+0.54%,N/A,"224,837",https://finance.naver.com/item/main.naver?code=495940
TIGER 200커버드콜,"8,110",10,+0.12%,-0.47%,"18,589",https://finance.naver.com/item/main.naver?code=289480
히어로즈 국고채30년액티브,"67,130",500,+0.75%,+7.57%,"15,915",https://finance.naver.com/item/main.naver?code=471460
KODEX 미국S&P500헬스케어,"12,280",25,-0.20%,-3.08%,"14,937",https://finance.naver.com/item/main.naver?code=453640
TIGER 삼성그룹펀더멘털,"10,850",40,+0.37%,-10.43%,"4,497",https://finance.naver.com/item/main.naver?code=138520
TIGER TSMC파운드리밸류체인,"15,320",130,-0.84%,+5.98%,"2,914",https://finance.naver.com/item/main.naver?code=453950
WON 전단채플러스액티브,"50,260",5,+0.01%,N/A,"5,006",https://finance.naver.com/item/main.naver?code=496020
WON 반도체밸류체인액티브,"8,155",95,+1.18%,-7.43%,"1,221",https://finance.naver.com/item/main.naver?code=474590
TIGER 미국달러선물인버스2X,"5,370",15,-0.28%,-14.56%,"36,433",https://finance.naver.com/item/main.naver?code=261120
WON 미국우주항공방산,"16,290",250,-1.51%,+17.45%,"15,634",https://finance.naver.com/item/main.naver?code=440910
PLUS 국고채30년액티브,"120,640","1,275",+1.07%,+7.78%,47,https://finance.naver.com/item/main.naver?code=451600
RISE 200선물인버스2X,"2,475",20,+0.81%,+9.76%,"121,105",https://finance.naver.com/item/main.naver?code=252420
KODEX 배당성장채권혼합,"13,060",25,+0.19%,+0.04%,"10,830",https://finance.naver.com/item/main.naver?code=237370
ACE 아시아TOP50S&P,"16,605",225,-1.34%,+15.39%,"6,672",https://finance.naver.com/item/main.naver?code=277540
KODEX WTI원유선물인버스(H),"4,290",15,+0.35%,-5.92%,"190,556",https://finance.naver.com/item/main.naver?code=271050
TIGER 반도체TOP10레버리지,"4,495",0,0.00%,-18.57%,"248,542",https://finance.naver.com/item/main.naver?code=488080
KODEX 보험,"9,810",120,-1.21%,-3.54%,"22,325",https://finance.naver.com/item/main.naver?code=140700
ACE 일본Nikkei225(H),"27,965",305,-1.08%,+9.37%,"4,445",https://finance.naver.com/item/main.naver?code=238720
KODEX 삼성그룹밸류,"7,975",75,+0.95%,-9.53%,"19,737",https://finance.naver.com/item/main.naver?code=213610
TIGER 코스닥150바이오테크,"12,665",280,+2.26%,-0.12%,"46,679",https://finance.naver.com/item/main.naver?code=261070
KODEX 33-06 국고채액티브,"11,070",25,+0.23%,+1.98%,"6,325",https://finance.naver.com/item/main.naver?code=457690
KODEX 글로벌로봇(합성),"19,380",160,+0.83%,+17.60%,"3,997",https://finance.naver.com/item/main.naver?code=276990
ACE 애플밸류체인액티브,"10,915",135,+1.25%,+13.94%,"28,557",https://finance.naver.com/item/main.naver?code=483420
SOL 코스닥150,"11,350",45,+0.40%,-5.26%,"1,274",https://finance.naver.com/item/main.naver?code=450910
TIGER 미국나스닥100ETF선물,"10,880",10,+0.09%,N/A,"4,528",https://finance.naver.com/item/main.naver?code=483240
HANARO 글로벌생성형AI액티브,"20,630",70,-0.34%,+41.84%,"38,183",https://finance.naver.com/item/main.naver?code=461340
SOL KIS단기통안채,"109,050",0,0.00%,+0.76%,0,https://finance.naver.com/item/main.naver?code=363510
KODEX 탄소효율그린뉴딜,"8,260",30,+0.36%,-3.73%,336,https://finance.naver.com/item/main.naver?code=375770
KODEX 53-09 국고채액티브,"12,630",80,+0.64%,+7.40%,"21,994",https://finance.naver.com/item/main.naver?code=457700
KODEX TDF2030액티브,"13,090",15,-0.11%,+7.37%,"24,606",https://finance.naver.com/item/main.naver?code=433970
KOSEF 코리아밸류업,"9,520",15,+0.16%,N/A,"82,800",https://finance.naver.com/item/main.naver?code=496090
KODEX 미국S&P500테크놀로지,"14,945",65,-0.43%,+17.02%,"12,467",https://finance.naver.com/item/main.naver?code=463680
ACE 일본TOPIX레버리지(H),"41,800","1,095",-2.55%,+15.37%,410,https://finance.naver.com/item/main.naver?code=196030
KODEX TDF2040액티브,"13,920",40,-0.29%,+9.45%,"27,738",https://finance.naver.com/item/main.naver?code=433980
TIGER 차이나반도체FACTSET,"7,045",10,-0.14%,+57.96%,"31,120",https://finance.naver.com/item/main.naver?code=396520
RISE 차이나HSCEI(H),"8,655",150,-1.70%,+19.46%,"5,842",https://finance.naver.com/item/main.naver?code=250730
KODEX 게임산업,"7,350",155,+2.15%,+4.18%,"164,129",https://finance.naver.com/item/main.naver?code=300950
TIGER 코스피고배당,"15,225",130,+0.86%,+1.63%,"15,675",https://finance.naver.com/item/main.naver?code=210780
TIGER 미국AI반도체팹리스,"11,555",465,+4.19%,N/A,"86,352",https://finance.naver.com/item/main.naver?code=491830
ACE 글로벌메타버스테크액티브,"14,330",165,-1.14%,+22.37%,660,https://finance.naver.com/item/main.naver?code=411050
TIGER 200 건설,"2,630",25,+0.96%,-16.64%,"46,431",https://finance.naver.com/item/main.naver?code=139220
RISE 미국AI밸류체인TOP3Plus,"12,110",75,+0.62%,+26.08%,"53,233",https://finance.naver.com/item/main.naver?code=485690
TIGER 우주방산,"11,080",180,+1.65%,+3.12%,"105,206",https://finance.naver.com/item/main.naver?code=463250
TIGER 200IT레버리지,"25,285",400,+1.61%,-22.44%,"5,139",https://finance.naver.com/item/main.naver?code=243880
RISE 미국단기투자등급회사채액..,"12,040",5,+0.04%,+7.74%,"13,246",https://finance.naver.com/item/main.naver?code=437350
TIGER 원유선물Enhanced(H),"4,225",5,-0.12%,+3.94%,"18,677",https://finance.naver.com/item/main.naver?code=130680
KODEX 일본부동산리츠(H),"10,565",10,-0.09%,-6.13%,"12,151",https://finance.naver.com/item/main.naver?code=352540
TIGER 글로벌사이버보안INDXX,"15,290",250,+1.66%,+27.26%,"26,730",https://finance.naver.com/item/main.naver?code=418670
KODEX 에너지화학,"9,990",45,-0.45%,-14.10%,"10,675",https://finance.naver.com/item/main.naver?code=117460
KOSEF 미국달러선물레버리지,"15,380",20,+0.13%,+17.18%,221,https://finance.naver.com/item/main.naver?code=225800
마이티 다이나믹퀀트액티브,"11,705",0,0.00%,-3.66%,78,https://finance.naver.com/item/main.naver?code=442260
ACE 코스닥150,"11,690",110,+0.95%,-4.88%,"17,787",https://finance.naver.com/item/main.naver?code=354500
ACE 국고채3년,"103,590",5,0.00%,+1.31%,114,https://finance.naver.com/item/main.naver?code=114460
TIGER 리츠부동산인프라채권TR K..,"4,595",5,-0.11%,-6.59%,"6,565",https://finance.naver.com/item/main.naver?code=341850
TIGER 차이나클린에너지SOLACTIV..,"6,360",105,-1.62%,+22.31%,"7,620",https://finance.naver.com/item/main.naver?code=396510
TIGER 게임TOP10,"5,710",140,+2.51%,+3.25%,"502,588",https://finance.naver.com/item/main.naver?code=364990
KODEX IT,"15,140",85,+0.56%,-11.44%,"3,012",https://finance.naver.com/item/main.naver?code=266370
TIGER KEDI혁신기업ESG30,"9,475",115,+1.23%,-2.97%,"8,545",https://finance.naver.com/item/main.naver?code=417630
KODEX 미국나스닥100선물인버스(..,"7,450",10,+0.13%,-9.64%,"70,857",https://finance.naver.com/item/main.naver?code=409810
ACE ESG액티브,"7,440",10,+0.13%,-3.13%,240,https://finance.naver.com/item/main.naver?code=385590
PLUS 미국S&P500성장주,"11,120",40,-0.36%,N/A,"134,029",https://finance.naver.com/item/main.naver?code=494410
KODEX 미국S&P바이오(합성),"29,255",655,-2.19%,+2.67%,"6,524",https://finance.naver.com/item/main.naver?code=185680
TIGER Fn신재생에너지,"7,840",15,-0.19%,-4.39%,"41,853",https://finance.naver.com/item/main.naver?code=377990
RISE TDF2050액티브,"13,385",85,-0.63%,+10.35%,"9,042",https://finance.naver.com/item/main.naver?code=442570
RISE 미국고정배당우선증권 TR,"11,890",125,-1.04%,+4.67%,"11,238",https://finance.naver.com/item/main.naver?code=354240
KODEX 테슬라밸류체인FactSet,"16,410",160,+0.98%,+34.34%,"8,943",https://finance.naver.com/item/main.naver?code=459560
TIGER 퓨처모빌리티액티브,"7,195",5,-0.07%,-8.17%,658,https://finance.naver.com/item/main.naver?code=387280
RISE 미국30년국채액티브,"10,375",85,-0.81%,-4.54%,"19,156",https://finance.naver.com/item/main.naver?code=481340
DAISHIN343 AI반도체&인프라액티..,"7,655",60,+0.79%,+0.72%,326,https://finance.naver.com/item/main.naver?code=486240
KODEX 미국S&P500유틸리티,"12,905",40,-0.31%,+7.97%,"211,073",https://finance.naver.com/item/main.naver?code=463640
ACE 라이프자산주주가치액티브,"10,130",5,+0.05%,N/A,"7,224",https://finance.naver.com/item/main.naver?code=494330
SOL 코리아밸류업TR,"9,505",60,+0.64%,N/A,"11,168",https://finance.naver.com/item/main.naver?code=495550
HANARO Fn K-푸드,"10,730",75,+0.70%,+8.06%,"32,911",https://finance.naver.com/item/main.naver?code=438900
KOSEF 국고채3년,"110,580",0,0.00%,+1.36%,94,https://finance.naver.com/item/main.naver?code=114470
KODEX 대만테크고배당다우존스,"9,415",60,-0.63%,+3.46%,"20,990",https://finance.naver.com/item/main.naver?code=487950
ACE 미국IT인터넷S&P(합성 H),"20,510",35,+0.17%,+28.59%,"1,851",https://finance.naver.com/item/main.naver?code=280320
KODEX iShares미국투자등급회사..,"11,620",20,-0.17%,+5.20%,"30,474",https://finance.naver.com/item/main.naver?code=468630
RISE 200선물레버리지,"13,650",145,+1.07%,-9.33%,"10,341",https://finance.naver.com/item/main.naver?code=252400
KODEX 웹툰&드라마,"3,270",120,+3.81%,+15.96%,"79,390",https://finance.naver.com/item/main.naver?code=395150
KOSEF 코스닥150,"5,760",30,+0.52%,-5.34%,"4,363",https://finance.naver.com/item/main.naver?code=316670
ACE 주주환원가치주액티브,"12,985",155,+1.21%,+8.98%,"1,932",https://finance.naver.com/item/main.naver?code=447430
KODEX 차이나과창판STAR50(합성),"8,060",125,-1.53%,+60.24%,"18,681",https://finance.naver.com/item/main.naver?code=415340
KODEX 배당성장,"15,390",80,+0.52%,-2.19%,"1,760",https://finance.naver.com/item/main.naver?code=211900
ACE 러시아MSCI(합성),"8,720",0,0.00%,0.00%,0,https://finance.naver.com/item/main.naver?code=265690
SOL KEDI메가테크액티브,"14,005",120,+0.86%,-0.50%,"9,139",https://finance.naver.com/item/main.naver?code=444200
HANARO Fn전기&수소차,"7,150",95,+1.35%,-10.01%,"2,586",https://finance.naver.com/item/main.naver?code=381560
PLUS 애플채권혼합,"12,720",10,+0.08%,+6.66%,"34,210",https://finance.naver.com/item/main.naver?code=447660
1Q 차이나H(H),"13,110",240,-1.80%,+18.59%,"1,709",https://finance.naver.com/item/main.naver?code=472350
KODEX S&P글로벌인프라(합성),"18,060",60,-0.33%,+9.22%,"2,909",https://finance.naver.com/item/main.naver?code=269420
RISE 삼성그룹Top3채권혼합,"9,795",50,+0.51%,-3.69%,"3,885",https://finance.naver.com/item/main.naver?code=448630
KODEX KRX300,"15,660",35,+0.22%,-3.69%,"7,827",https://finance.naver.com/item/main.naver?code=292190
TIGER 농산물선물Enhanced(H),"5,555",45,-0.80%,-0.45%,"7,984",https://finance.naver.com/item/main.naver?code=137610
히어로즈 25-09 미국채권(AA-이..,"55,500",15,+0.03%,+7.84%,"3,865",https://finance.naver.com/item/main.naver?code=467620
TIGER 200 에너지화학,"9,550",230,+2.47%,-12.26%,"67,306",https://finance.naver.com/item/main.naver?code=139250
KODEX K-미래차액티브,"7,515",30,+0.40%,-9.07%,"1,799",https://finance.naver.com/item/main.naver?code=385520
KOSEF 미국S&P500(H),"15,390",65,-0.42%,+8.27%,"14,934",https://finance.naver.com/item/main.naver?code=449780
RISE 글로벌주식분산액티브,"13,950",65,-0.46%,+12.45%,"4,692",https://finance.naver.com/item/main.naver?code=459750
WON 종합채권(AA-이상)액티브,"51,430",0,0.00%,+2.58%,0,https://finance.naver.com/item/main.naver?code=488720
PLUS 미국테크TOP10레버리지(합..,"30,365",40,+0.13%,+56.60%,"2,850",https://finance.naver.com/item/main.naver?code=461910
PLUS 미국다우존스고배당주(합성..,"17,840",30,-0.17%,+4.97%,"3,737",https://finance.naver.com/item/main.naver?code=213630
KODEX 국채선물3년인버스,"54,585",20,+0.04%,+0.34%,2,https://finance.naver.com/item/main.naver?code=292770
PLUS 선진국MSCI(합성 H),"11,940",290,-2.37%,-4.37%,"5,598",https://finance.naver.com/item/main.naver?code=195970
파워 K-주주가치액티브,"10,010",95,+0.96%,N/A,54,https://finance.naver.com/item/main.naver?code=491510
ACE 미국친환경그린테마INDXX,"9,355",110,-1.16%,+8.09%,308,https://finance.naver.com/item/main.naver?code=391600
SOL K방산,"10,130",120,+1.20%,N/A,"148,245",https://finance.naver.com/item/main.naver?code=490480
ACE 글로벌브랜드TOP10블룸버그,"18,325",10,+0.05%,+23.13%,"60,014",https://finance.naver.com/item/main.naver?code=435040
KODEX 철강,"9,480",195,-2.02%,+15.61%,"18,215",https://finance.naver.com/item/main.naver?code=117680
RISE 채권혼합,"60,465",65,+0.11%,-0.35%,1,https://finance.naver.com/item/main.naver?code=183700
RISE 배터리 리사이클링,"9,540",120,-1.24%,-5.78%,"7,361",https://finance.naver.com/item/main.naver?code=446700
RISE 미국S&P원유생산기업(합성 ..,"6,170",60,-0.96%,+5.74%,"9,232",https://finance.naver.com/item/main.naver?code=219390
RISE 헬스케어채권혼합,"11,985",85,+0.71%,-1.67%,"8,588",https://finance.naver.com/item/main.naver?code=253290
TIGER 코스닥150선물인버스,"4,085",30,-0.73%,+3.81%,"881,600",https://finance.naver.com/item/main.naver?code=250780
KODEX 유럽명품TOP10 STOXX,"9,480",30,+0.32%,+11.96%,"13,672",https://finance.naver.com/item/main.naver?code=456250
에셋플러스 차이나일등기업포커..,"13,640",25,+0.18%,+38.41%,"1,980",https://finance.naver.com/item/main.naver?code=474920
TIMEFOLIO 코리아밸류업액티브,"9,380",10,+0.11%,N/A,"202,761",https://finance.naver.com/item/main.naver?code=495060
BNK 주주가치액티브,"13,365",90,+0.68%,-0.11%,4,https://finance.naver.com/item/main.naver?code=445690
ACE 미국달러단기채권액티브,"11,655",10,+0.09%,+8.62%,"31,468",https://finance.naver.com/item/main.naver?code=440650
HANARO 코스닥150,"11,640",310,+2.74%,-5.25%,"5,434",https://finance.naver.com/item/main.naver?code=304770
RISE V&S셀렉트밸류채권혼합,"11,600",5,+0.04%,-0.92%,391,https://finance.naver.com/item/main.naver?code=241390
KODEX 운송,"5,110",35,+0.69%,+4.61%,"14,173",https://finance.naver.com/item/main.naver?code=140710
TIGER 200 금융,"8,620",80,-0.92%,+1.73%,"32,882",https://finance.naver.com/item/main.naver?code=139270
KODEX 미국S&P500경기소비재,"18,200",70,-0.38%,+32.89%,"6,055",https://finance.naver.com/item/main.naver?code=453660
RISE 국채30년레버리지(합성),"27,170",395,+1.48%,+13.92%,"1,472",https://finance.naver.com/item/main.naver?code=451670
KCGI 미국S&P500 TOP10,"12,320",10,-0.08%,+22.04%,"65,023",https://finance.naver.com/item/main.naver?code=483570
에셋플러스 코리아플랫폼액티브,"6,425",65,+1.02%,-0.16%,"18,437",https://finance.naver.com/item/main.naver?code=407820
KODEX 미국S&P500커뮤니케이션,"16,665",50,+0.30%,+28.91%,"9,810",https://finance.naver.com/item/main.naver?code=463690
TIGER 미국캐시카우100,"13,290",5,-0.04%,+16.78%,"15,859",https://finance.naver.com/item/main.naver?code=465670
HANARO 주주가치성장코리아액티..,"10,070",20,+0.20%,-1.95%,959,https://finance.naver.com/item/main.naver?code=482870
히어로즈 미국성장기업30액티브,"15,320",60,-0.39%,+16.59%,218,https://finance.naver.com/item/main.naver?code=459790
HANARO Fn K-게임,"4,400",80,+1.85%,+4.14%,"24,799",https://finance.naver.com/item/main.naver?code=395280
TIGER K게임,"7,635",220,+2.97%,+5.17%,"96,040",https://finance.naver.com/item/main.naver?code=300610
TIGER 차이나CSI300인버스(합성),"7,340",130,+1.80%,-25.22%,"2,120",https://finance.naver.com/item/main.naver?code=217780
TIGER 유로스탁스배당30,"12,130",35,-0.29%,-0.17%,696,https://finance.naver.com/item/main.naver?code=245350
PLUS 코리아밸류업,"9,515",50,+0.53%,N/A,8,https://finance.naver.com/item/main.naver?code=495040
TIGER S&P글로벌인프라(합성),"14,350",45,-0.31%,+7.87%,969,https://finance.naver.com/item/main.naver?code=269370
KODEX 구리선물(H),"7,165",95,-1.31%,-0.14%,"6,236",https://finance.naver.com/item/main.naver?code=138910
RISE 글로벌수소경제,"7,370",5,+0.07%,+14.53%,"24,862",https://finance.naver.com/item/main.naver?code=417450
파워 코스피100,"25,250",130,+0.52%,-3.34%,139,https://finance.naver.com/item/main.naver?code=140950
PLUS 미국테크TOP10,"18,580",0,0.00%,+26.61%,"1,654",https://finance.naver.com/item/main.naver?code=461900
KODEX 미국S&P500필수소비재,"12,600",120,+0.96%,+6.77%,"6,082",https://finance.naver.com/item/main.naver?code=453630
TIGER 단기선진하이일드(합성 H),"13,295",15,+0.11%,+1.03%,561,https://finance.naver.com/item/main.naver?code=182490
KODEX 필수소비재,"6,635",15,-0.23%,-1.78%,"5,139",https://finance.naver.com/item/main.naver?code=266410
HANARO CD금리액티브(합성),"103,835",15,+0.01%,+0.82%,302,https://finance.naver.com/item/main.naver?code=471290
PLUS 미국배당증가성장주데일리..,"9,950",30,-0.30%,N/A,"158,653",https://finance.naver.com/item/main.naver?code=494420
VITA MZ소비액티브,"7,925",140,+1.80%,-0.75%,"32,312",https://finance.naver.com/item/main.naver?code=422260
KODEX KRX300레버리지,"11,875",160,+1.37%,-8.37%,"1,737",https://finance.naver.com/item/main.naver?code=306950
PLUS 우량회사채50,"118,730",15,+0.01%,+0.98%,177,https://finance.naver.com/item/main.naver?code=239660
KODEX MSCI퀄리티,"8,475",0,0.00%,-4.00%,0,https://finance.naver.com/item/main.naver?code=275300
KOSEF 물가채KIS,"117,255",175,+0.15%,+2.86%,199,https://finance.naver.com/item/main.naver?code=430500
HANARO KOFR금리액티브(합성),"106,430",0,0.00%,+0.83%,2,https://finance.naver.com/item/main.naver?code=453060
ACE 원자력테마딥서치,"16,620",125,-0.75%,+0.67%,"11,244",https://finance.naver.com/item/main.naver?code=433500
TIGER 일본TOPIX(합성 H),"23,230",355,-1.51%,+7.25%,676,https://finance.naver.com/item/main.naver?code=195920
SOL 국고채30년액티브,"57,930",180,+0.31%,+7.18%,104,https://finance.naver.com/item/main.naver?code=474390
PLUS 글로벌방산,"9,635",35,+0.36%,N/A,"51,229",https://finance.naver.com/item/main.naver?code=496770
SOL 글로벌탄소배출권선물ICE(합..,"11,545",250,-2.12%,-1.28%,"2,658",https://finance.naver.com/item/main.naver?code=400590
TIGER 글로벌자원생산기업(합성 ..,"14,360",40,-0.28%,-2.05%,341,https://finance.naver.com/item/main.naver?code=276000
RISE 미국S&P배당킹,"11,470",15,+0.13%,+6.57%,"5,079",https://finance.naver.com/item/main.naver?code=460660
ACE 멕시코MSCI(합성),"12,735",75,+0.59%,+2.78%,"6,705",https://finance.naver.com/item/main.naver?code=291130
RISE 미국테크100데일리고정커버..,"11,410",15,+0.13%,N/A,"45,398",https://finance.naver.com/item/main.naver?code=491620
1Q 코리아밸류업,"9,500",10,+0.11%,N/A,720,https://finance.naver.com/item/main.naver?code=495330
PLUS 글로벌수소&차세대연료전지,"3,815",0,0.00%,+6.12%,"14,831",https://finance.naver.com/item/main.naver?code=419650
RISE 미국장기국채선물(H),"8,585",50,-0.58%,-7.09%,"19,447",https://finance.naver.com/item/main.naver?code=267440
ACE 2차전지&친환경차액티브,"7,410",125,-1.66%,-19.50%,"8,710",https://finance.naver.com/item/main.naver?code=385600
KODEX MSCI밸류,"10,090",25,+0.25%,-6.62%,2,https://finance.naver.com/item/main.naver?code=275290
SOL 반도체전공정,"6,930",20,+0.29%,-8.58%,"27,791",https://finance.naver.com/item/main.naver?code=475300
KODEX 200가치저변동,"11,085",5,-0.05%,-1.99%,569,https://finance.naver.com/item/main.naver?code=223190
TIGER 한중반도체(합성),"14,750",55,+0.37%,+33.42%,101,https://finance.naver.com/item/main.naver?code=449690
HANARO K-뷰티,"11,035",105,+0.96%,-9.10%,"3,417",https://finance.naver.com/item/main.naver?code=479850
KODEX 미국클린에너지나스닥,"6,825",5,+0.07%,+12.25%,"1,317",https://finance.naver.com/item/main.naver?code=419420
ITF 200,"33,205",80,+0.24%,-3.24%,362,https://finance.naver.com/item/main.naver?code=472840
TIGER MSCI KOREA ESG리더스,"8,740",55,-0.63%,-0.69%,1,https://finance.naver.com/item/main.naver?code=289260
KODEX MSCI Korea,"15,330",90,+0.59%,-4.72%,21,https://finance.naver.com/item/main.naver?code=156080
RISE 중국MSCI China(H),"8,565",155,-1.78%,+18.46%,"1,419",https://finance.naver.com/item/main.naver?code=310080
KODEX 미국ETF산업Top10 Indxx,"17,840",30,+0.17%,+17.97%,"4,902",https://finance.naver.com/item/main.naver?code=428560
KOSEF 미국블록버스터바이오테크..,"9,730",90,-0.92%,-6.48%,"2,183",https://finance.naver.com/item/main.naver?code=483030
KODEX 기계장비,"7,010",10,-0.14%,+2.71%,"11,957",https://finance.naver.com/item/main.naver?code=102960
RISE 200고배당커버드콜ATM,"8,175",45,+0.55%,+6.50%,"7,601",https://finance.naver.com/item/main.naver?code=290080
KODEX 코스닥글로벌,"10,480",15,+0.14%,-2.96%,202,https://finance.naver.com/item/main.naver?code=461450
KoAct 미국뇌질환치료제액티브,"10,315",105,-1.01%,+6.07%,"8,648",https://finance.naver.com/item/main.naver?code=490330
ACE 미국부동산리츠(합성 H),"85,605",245,-0.29%,-3.82%,295,https://finance.naver.com/item/main.naver?code=181480
KODEX MSCI모멘텀,"12,815",20,+0.16%,+2.56%,195,https://finance.naver.com/item/main.naver?code=275280
KOSEF 미국달러선물인버스2X,"4,700",15,-0.32%,-14.55%,"4,146",https://finance.naver.com/item/main.naver?code=230480
KOSEF 고배당,"11,280",70,+0.62%,+4.75%,"10,384",https://finance.naver.com/item/main.naver?code=104530
PLUS 일본엔화초단기국채(합성),"10,070",5,-0.05%,-1.03%,"59,008",https://finance.naver.com/item/main.naver?code=489000
SOL 미국S&P500엔화노출(H),"10,045",55,-0.54%,N/A,"106,802",https://finance.naver.com/item/main.naver?code=499150
KOSEF 블루칩,"8,360",120,+1.46%,-0.49%,168,https://finance.naver.com/item/main.naver?code=104520
히어로즈 미국달러SOFR금리액티..,"12,145",15,+0.12%,+8.87%,"4,592",https://finance.naver.com/item/main.naver?code=460270
에셋플러스 글로벌대장장이액티..,"18,910",50,-0.26%,+26.28%,477,https://finance.naver.com/item/main.naver?code=433220
RISE 미국AI밸류체인데일리고정..,"11,540",5,+0.04%,N/A,"51,979",https://finance.naver.com/item/main.naver?code=490590
TIGER LG그룹+펀더멘털,"6,800",15,+0.22%,-7.66%,"1,365",https://finance.naver.com/item/main.naver?code=138530
TIGER 탄소효율그린뉴딜,"8,160",35,+0.43%,-3.94%,"3,511",https://finance.naver.com/item/main.naver?code=376410
TIGER 미국달러선물레버리지,"16,270",20,+0.12%,+17.22%,"23,064",https://finance.naver.com/item/main.naver?code=261110
TIGER AI코리아그로스액티브,"12,165",50,+0.41%,-2.13%,"3,832",https://finance.naver.com/item/main.naver?code=365040
KoAct 미국천연가스인프라액티브,"9,730",80,-0.82%,N/A,"157,556",https://finance.naver.com/item/main.naver?code=497780
HANARO 미국S&P500,"16,200",95,-0.58%,+16.36%,"1,262",https://finance.naver.com/item/main.naver?code=432840
ACE 글로벌AI맞춤형반도체,"12,105",500,+4.31%,N/A,"49,558",https://finance.naver.com/item/main.naver?code=494340
KODEX 코스피대형주,"12,055",15,+0.12%,-2.98%,"1,900",https://finance.naver.com/item/main.naver?code=337140
RISE 코리아금융고배당,"9,640",45,-0.46%,N/A,"211,009",https://finance.naver.com/item/main.naver?code=498860
TRUSTON 코리아밸류업액티브,"9,615",85,+0.89%,N/A,622,https://finance.naver.com/item/main.naver?code=496130
FOCUS KRX300,"16,000",0,0.00%,-4.02%,0,https://finance.naver.com/item/main.naver?code=292730
WON 한국부동산TOP3플러스,"9,555",45,+0.47%,-7.89%,556,https://finance.naver.com/item/main.naver?code=480460
TIMEFOLIO K컬처액티브,"9,505",290,+3.15%,-2.36%,"4,957",https://finance.naver.com/item/main.naver?code=410870
KODEX 200exTOP,"11,810",80,+0.68%,-0.17%,1,https://finance.naver.com/item/main.naver?code=337150
KoAct 글로벌기후테크인프라액티..,"15,660",135,-0.85%,+29.06%,"4,401",https://finance.naver.com/item/main.naver?code=475070
RISE 5대그룹주,"5,845",30,+0.52%,-6.85%,280,https://finance.naver.com/item/main.naver?code=105780
TREX 펀더멘탈 200,"37,370",130,+0.35%,-4.61%,1,https://finance.naver.com/item/main.naver?code=145850
마이티 코스피100,"25,720",460,+1.82%,-3.44%,16,https://finance.naver.com/item/main.naver?code=159800
RISE 미국반도체인버스(합성 H),"20,550",20,-0.10%,N/A,"3,638",https://finance.naver.com/item/main.naver?code=491630
HANARO 글로벌반도체TOP10 SOLAC..,"16,675",120,+0.72%,+12.18%,"2,257",https://finance.naver.com/item/main.naver?code=464060
KODEX 기후변화솔루션,"9,170",0,0.00%,-14.90%,301,https://finance.naver.com/item/main.naver?code=404260
KODEX K-뉴딜디지털플러스,"7,580",100,+1.34%,-3.93%,192,https://finance.naver.com/item/main.naver?code=368680
WON 미국빌리어네어,"12,965",5,+0.04%,+30.37%,"17,777",https://finance.naver.com/item/main.naver?code=489290
KODEX 한중반도체(합성),"15,055",0,0.00%,+31.84%,0,https://finance.naver.com/item/main.naver?code=450190
TIGER 유로스탁스레버리지(합성 ..,"11,210",35,+0.31%,+3.08%,27,https://finance.naver.com/item/main.naver?code=225050
KODEX MSCI KOREA ESG유니버설,"9,935",60,+0.61%,-3.17%,4,https://finance.naver.com/item/main.naver?code=289040
TIGER 은행,"8,940",25,+0.28%,+2.89%,"16,402",https://finance.naver.com/item/main.naver?code=091220
KOSEF 글로벌전력GRID인프라,"11,150",40,-0.36%,+12.00%,"3,753",https://finance.naver.com/item/main.naver?code=489860
SOL 유럽탄소배출권선물S&P(H),"9,910",370,-3.60%,+0.66%,"4,269",https://finance.naver.com/item/main.naver?code=400580
KODEX 미국스마트모빌리티S&P,"5,920",70,-1.17%,+17.23%,"5,662",https://finance.naver.com/item/main.naver?code=390400
SOL 자동차소부장Fn,"8,825",75,+0.86%,-5.11%,27,https://finance.naver.com/item/main.naver?code=464600
에셋플러스 글로벌일등기업포커..,"14,705",105,-0.71%,+30.31%,"3,497",https://finance.naver.com/item/main.naver?code=477490
TIGER 이머징마켓MSCI레버리지(..,"8,020",130,-1.60%,+3.48%,87,https://finance.naver.com/item/main.naver?code=225060
RISE 글로벌데이터센터리츠(합성..,"12,530",70,-0.56%,+3.17%,"6,376",https://finance.naver.com/item/main.naver?code=375270
TIMEFOLIO 글로벌소비트렌드액티..,"11,590",20,-0.17%,N/A,"162,752",https://finance.naver.com/item/main.naver?code=494180
SOL 미국500타겟커버드콜액티브,"10,850",35,-0.32%,N/A,"135,872",https://finance.naver.com/item/main.naver?code=494210
TIGER 로우볼,"13,120",40,+0.31%,0.00%,15,https://finance.naver.com/item/main.naver?code=174350
HANARO 글로벌워터MSCI(합성),"14,245",120,-0.84%,+9.49%,69,https://finance.naver.com/item/main.naver?code=424460
TIGER 금은선물(H),"12,145",225,-1.82%,+3.27%,"9,339",https://finance.naver.com/item/main.naver?code=139320
SOL 차이나육성산업액티브(합성),"7,720",155,-1.97%,+59.83%,"5,509",https://finance.naver.com/item/main.naver?code=415760
ACE 일라이릴리밸류체인,"10,450",115,-1.09%,N/A,"75,302",https://finance.naver.com/item/main.naver?code=497520
PLUS ESG성장주액티브,"7,960",125,+1.60%,-3.52%,95,https://finance.naver.com/item/main.naver?code=395760
마이다스 일본테크액티브,"22,135",180,-0.81%,+6.52%,32,https://finance.naver.com/item/main.naver?code=488290
ACE 글로벌빅파마,"10,370",100,-0.96%,N/A,"85,544",https://finance.naver.com/item/main.naver?code=497510
HK 200,"33,085",290,+0.88%,-3.27%,2,https://finance.naver.com/item/main.naver?code=491700
PLUS 코스피50,"22,960",125,+0.55%,-3.41%,"1,158",https://finance.naver.com/item/main.naver?code=122090
HK S&P코리아로우볼,"13,120",80,+0.61%,-0.72%,1,https://finance.naver.com/item/main.naver?code=215620
KODEX iShares미국인플레이션국..,"11,145",10,-0.09%,+5.74%,"12,134",https://finance.naver.com/item/main.naver?code=468370
에셋플러스 코리아대장장이액티..,"10,280",210,+2.09%,-2.28%,153,https://finance.naver.com/item/main.naver?code=442090
TIGER 미국S&P500선물인버스(H),"2,860",10,+0.35%,-6.84%,"81,947",https://finance.naver.com/item/main.naver?code=225030
PLUS K리츠,"6,520",45,-0.69%,-11.06%,"27,422",https://finance.naver.com/item/main.naver?code=429740
TRUSTON 주주가치액티브,"11,290",165,+1.48%,-1.35%,353,https://finance.naver.com/item/main.naver?code=472720
TIGER MKF배당귀족,"12,475",210,+1.71%,-2.91%,396,https://finance.naver.com/item/main.naver?code=445910
TIGER 차이나항셍25,"17,995",330,-1.80%,+28.08%,"1,076",https://finance.naver.com/item/main.naver?code=117690
KOSEF 미국달러선물인버스,"8,245",10,+0.12%,-7.10%,953,https://finance.naver.com/item/main.naver?code=139660
HANARO 바이오코리아액티브,"10,070",190,+1.92%,N/A,"11,361",https://finance.naver.com/item/main.naver?code=498050
KODEX 아시아AI반도체exChina액..,"16,095",60,-0.37%,+4.13%,460,https://finance.naver.com/item/main.naver?code=446690
FOCUS ESG리더스,"10,715",65,+0.61%,-1.65%,6,https://finance.naver.com/item/main.naver?code=285690
VITA 밸류알파액티브,"11,480",170,+1.50%,-1.20%,"22,215",https://finance.naver.com/item/main.naver?code=452440
파워 고배당저변동성,"33,340",90,+0.27%,+3.27%,239,https://finance.naver.com/item/main.naver?code=192720
TIGER 코리아테크액티브,"8,130",90,+1.12%,-9.92%,73,https://finance.naver.com/item/main.naver?code=471780
KODEX KTOP30,"15,875",190,+1.21%,-4.85%,33,https://finance.naver.com/item/main.naver?code=229720
TIMEFOLIO K이노베이션액티브,"7,930",235,+3.05%,+2.99%,"2,373",https://finance.naver.com/item/main.naver?code=385710
TIGER 원유선물인버스(H),"2,830",10,+0.35%,-5.51%,"8,390",https://finance.naver.com/item/main.naver?code=217770
SOL KRX300,"15,760",50,+0.32%,-3.99%,1,https://finance.naver.com/item/main.naver?code=292500
에셋플러스 글로벌영에이지액티..,"15,725",50,-0.32%,+30.39%,127,https://finance.naver.com/item/main.naver?code=451150
KOSEF KRX100,"5,235",50,+0.96%,-3.16%,173,https://finance.naver.com/item/main.naver?code=100910
ACE 레버리지,"6,040",15,+0.25%,-9.04%,"3,097",https://finance.naver.com/item/main.naver?code=152500
RISE 일본섹터TOP4Plus,"10,460",245,-2.29%,+11.04%,"2,128",https://finance.naver.com/item/main.naver?code=488480
HANARO 전력설비투자,"11,200",10,+0.09%,N/A,"22,022",https://finance.naver.com/item/main.naver?code=491820
KODEX 혁신기술테마액티브,"13,065",105,+0.81%,-1.28%,6,https://finance.naver.com/item/main.naver?code=364690
TIGER KRX300,"15,575",120,+0.78%,-3.89%,13,https://finance.naver.com/item/main.naver?code=292160
KOSEF 코스닥글로벌,"11,120",155,+1.41%,-2.66%,100,https://finance.naver.com/item/main.naver?code=467540
RISE 차이나항셍테크,"7,030",140,-1.95%,+39.07%,"1,882",https://finance.naver.com/item/main.naver?code=371150
KODEX 200 중소형,"12,880",135,+1.06%,-0.23%,"3,593",https://finance.naver.com/item/main.naver?code=226980
HANARO 글로벌금채굴기업,"13,975",150,-1.06%,+4.29%,"2,937",https://finance.naver.com/item/main.naver?code=473640
KOSEF 미국원유에너지기업,"11,825",80,-0.67%,+15.26%,"5,309",https://finance.naver.com/item/main.naver?code=474800
RISE 주식혼합,"38,290",20,-0.05%,-2.44%,1,https://finance.naver.com/item/main.naver?code=183710
RISE 미국장기국채선물레버리지(..,"5,890",80,-1.34%,-14.88%,"5,198",https://finance.naver.com/item/main.naver?code=267490
ACE 골드선물 레버리지(합성 H),"25,325",805,-3.08%,+5.87%,"7,333",https://finance.naver.com/item/main.naver?code=225130
TIGER 경기방어채권혼합,"9,440",0,0.00%,-0.26%,"4,001",https://finance.naver.com/item/main.naver?code=237440
RISE 유로스탁스50(H),"13,650",80,-0.58%,+1.90%,"11,014",https://finance.naver.com/item/main.naver?code=379790
KODEX 코스닥150롱코스피200숏선..,"9,380",20,+0.21%,-0.85%,"1,060",https://finance.naver.com/item/main.naver?code=360150
에셋플러스 글로벌다이나믹시니..,"14,425",10,+0.07%,+18.58%,152,https://finance.naver.com/item/main.naver?code=462340
KOSEF 의료AI,"9,975",220,+2.26%,+6.17%,"52,898",https://finance.naver.com/item/main.naver?code=483020
마이다스 중소형액티브,"19,905",385,+1.97%,+0.10%,24,https://finance.naver.com/item/main.naver?code=438740
PLUS 200선물인버스2X,"4,955",60,-1.20%,+7.25%,"5,480",https://finance.naver.com/item/main.naver?code=253160
SOL 의료기기소부장Fn,"9,225",175,+1.93%,-5.82%,"32,446",https://finance.naver.com/item/main.naver?code=464610
SOL 200 Top10,"8,170",40,+0.49%,-2.97%,358,https://finance.naver.com/item/main.naver?code=411540
ACE 일본TOPIX인버스(합성 H),"2,450",20,+0.82%,-7.89%,"24,326",https://finance.naver.com/item/main.naver?code=205720
RISE 국채선물3년,"54,790",165,-0.30%,+1.10%,71,https://finance.naver.com/item/main.naver?code=432600
TIGER 한중전기차(합성),"8,610",80,-0.92%,+15.65%,258,https://finance.naver.com/item/main.naver?code=449680
TIGER 미국나스닥넥스트100,"14,630",105,-0.71%,+20.41%,196,https://finance.naver.com/item/main.naver?code=429010
히어로즈 TDF2050액티브,"14,595",50,-0.34%,+11.33%,327,https://finance.naver.com/item/main.naver?code=435550
KOSEF 차이나A50커넥트MSCI,"9,730",55,-0.56%,+24.74%,330,https://finance.naver.com/item/main.naver?code=441330
TIGER 우량가치,"11,560",115,+1.00%,-3.79%,375,https://finance.naver.com/item/main.naver?code=227570
HANARO 탄소효율그린뉴딜,"8,090",20,-0.25%,-4.49%,50,https://finance.naver.com/item/main.naver?code=375760
KOSEF K-2차전지북미공급망,"8,090",85,-1.04%,-17.99%,"7,449",https://finance.naver.com/item/main.naver?code=488200
히어로즈 TDF2040액티브,"14,420",20,-0.14%,+10.75%,47,https://finance.naver.com/item/main.naver?code=435540
KODEX 멀티팩터,"12,010",50,+0.42%,-2.24%,2,https://finance.naver.com/item/main.naver?code=337120
HANARO 코리아밸류업,"9,535",45,+0.47%,N/A,41,https://finance.naver.com/item/main.naver?code=495750
PLUS TDF2060액티브,"15,075",60,-0.40%,+13.18%,"9,301",https://finance.naver.com/item/main.naver?code=433880
SOL 반도체후공정,"8,300",50,+0.61%,-16.29%,"34,266",https://finance.naver.com/item/main.naver?code=475310
KOSEF Fn유전자혁신기술,"9,395",180,+1.95%,-2.44%,"6,267",https://finance.naver.com/item/main.naver?code=460280
KODEX K-이노베이션액티브,"11,715",130,+1.12%,-3.50%,26,https://finance.naver.com/item/main.naver?code=373490
PLUS 국채선물10년,"56,480",65,+0.12%,+1.67%,"1,228",https://finance.naver.com/item/main.naver?code=289670
ACE 중국과창판STAR50,"7,725",125,-1.59%,+61.27%,"9,868",https://finance.naver.com/item/main.naver?code=416090
KODEX 미국30년국채울트라선물인..,"11,550",110,+0.96%,+10.74%,"5,237",https://finance.naver.com/item/main.naver?code=304670
RISE 글로벌클린에너지,"6,290",0,0.00%,-9.50%,506,https://finance.naver.com/item/main.naver?code=399580
PLUS 200선물레버리지,"27,540",140,+0.51%,-9.14%,154,https://finance.naver.com/item/main.naver?code=253150
KOSEF 200선물인버스2X,"2,440",25,-1.01%,+7.49%,"40,542",https://finance.naver.com/item/main.naver?code=253230
RISE 헬스케어,"13,690",200,+1.48%,-7.41%,"2,843",https://finance.naver.com/item/main.naver?code=253280
PLUS S&P글로벌인프라,"17,105",20,-0.12%,+9.58%,"1,606",https://finance.naver.com/item/main.naver?code=269530
PLUS 국채선물3년,"56,420",60,+0.11%,+1.18%,"3,005",https://finance.naver.com/item/main.naver?code=298340
RISE 글로벌비만산업TOP2+,"10,395",150,-1.42%,-5.46%,"1,298",https://finance.naver.com/item/main.naver?code=476310
KOSEF 200선물레버리지,"13,510",120,+0.90%,-9.21%,"2,863",https://finance.naver.com/item/main.naver?code=253250
히어로즈 TDF2030액티브,"13,450",65,-0.48%,+9.13%,36,https://finance.naver.com/item/main.naver?code=435530
WON 200,"33,580",160,+0.48%,-3.83%,7,https://finance.naver.com/item/main.naver?code=448100
WON AI ESG액티브,"8,950",65,+0.73%,-2.45%,8,https://finance.naver.com/item/main.naver?code=413930
TREX 200,"33,555",30,+0.09%,-3.57%,30,https://finance.naver.com/item/main.naver?code=108590
KOSEF 독일DAX,"13,400",105,-0.78%,+11.16%,523,https://finance.naver.com/item/main.naver?code=411860
RISE V&S셀렉트밸류,"13,320",50,-0.37%,-3.90%,169,https://finance.naver.com/item/main.naver?code=234310
RISE KQ고배당,"11,025",155,+1.43%,+5.05%,19,https://finance.naver.com/item/main.naver?code=270800
RISE TDF2040액티브,"13,180",60,-0.45%,+9.60%,"2,351",https://finance.naver.com/item/main.naver?code=442560
TIMEFOLIO K신재생에너지액티브,"10,955",25,+0.23%,-11.26%,645,https://finance.naver.com/item/main.naver?code=404120
ACE 중국본토CSI300레버리지(합..,"3,265",120,-3.55%,+64.32%,"28,779",https://finance.naver.com/item/main.naver?code=219900
PLUS 고배당저변동50,"13,040",55,+0.42%,+2.86%,"1,904",https://finance.naver.com/item/main.naver?code=251590
KOSEF 코스피100,"24,940",60,+0.24%,-3.35%,124,https://finance.naver.com/item/main.naver?code=153270
KoAct AI인프라액티브,"7,625",75,+0.99%,-0.13%,202,https://finance.naver.com/item/main.naver?code=487130
UNICORN SK하이닉스밸류체인액티..,"8,615",50,+0.58%,N/A,"7,883",https://finance.naver.com/item/main.naver?code=494220
ACE 코스피,"25,825",45,+0.17%,-2.80%,"2,542",https://finance.naver.com/item/main.naver?code=305050
PLUS 코스피,"25,815",345,+1.35%,-2.70%,294,https://finance.naver.com/item/main.naver?code=227830
RISE 국채선물10년,"55,585",200,-0.36%,+1.70%,252,https://finance.naver.com/item/main.naver?code=295000
KODEX 콩선물(H),"10,735",0,0.00%,-3.16%,122,https://finance.naver.com/item/main.naver?code=138920
RISE KRX300,"15,975",5,-0.03%,-3.68%,"1,467",https://finance.naver.com/item/main.naver?code=292050
RISE TDF2030액티브,"12,770",40,-0.31%,+7.54%,"2,038",https://finance.naver.com/item/main.naver?code=442550
TIGER KTOP30,"7,960",45,+0.57%,-4.27%,"1,063",https://finance.naver.com/item/main.naver?code=228820
KODEX 국채선물10년인버스,"53,005",15,-0.03%,-0.39%,208,https://finance.naver.com/item/main.naver?code=176950
PLUS 글로벌AI인프라,"12,700",15,+0.12%,+21.18%,291,https://finance.naver.com/item/main.naver?code=489010
ACE 싱가포르리츠,"12,645",40,-0.32%,-6.06%,463,https://finance.naver.com/item/main.naver?code=316300
KOSEF K-반도체북미공급망,"7,435",85,+1.16%,-2.36%,"2,050",https://finance.naver.com/item/main.naver?code=488210
RISE 미국빅데이터Top3채권혼합,"15,785",0,0.00%,+19.54%,"10,421",https://finance.naver.com/item/main.naver?code=449580
RISE 글로벌농업경제,"9,000",120,-1.32%,+5.39%,"1,336",https://finance.naver.com/item/main.naver?code=437370
KODEX MSCI EM선물(H),"8,375",165,-1.93%,+1.09%,"9,741",https://finance.naver.com/item/main.naver?code=291890
ACE 차이나항셍테크,"6,975",145,-2.04%,+39.64%,"9,213",https://finance.naver.com/item/main.naver?code=371870
SOL 유럽탄소배출권선물인버스IC..,"12,525",470,+3.90%,-1.84%,"3,196",https://finance.naver.com/item/main.naver?code=459370
HANARO KAP초장기국고채,"42,165",165,+0.39%,+4.40%,529,https://finance.naver.com/item/main.naver?code=346000
KODEX 한중전기차(합성),"8,900",0,0.00%,+15.41%,0,https://finance.naver.com/item/main.naver?code=450180
KODEX 최소변동성,"10,295",0,0.00%,-3.77%,0,https://finance.naver.com/item/main.naver?code=279540
BNK 미래전략기술액티브,"10,240",85,+0.84%,0.00%,302,https://finance.naver.com/item/main.naver?code=457930
HANARO 글로벌탄소배출권선물ICE..,"9,425",205,-2.13%,-1.62%,926,https://finance.naver.com/item/main.naver?code=401590
HANARO 고배당,"13,610",70,+0.52%,+2.16%,"12,324",https://finance.naver.com/item/main.naver?code=322410
SOL 한국형글로벌전기차&2차전지..,"12,175",115,-0.94%,+18.78%,"6,006",https://finance.naver.com/item/main.naver?code=429980
TIGER 200커버드콜OTM,"12,170",30,+0.25%,-1.70%,310,https://finance.naver.com/item/main.naver?code=166400
ACE 미국하이일드액티브(H),"10,135",50,-0.49%,+1.90%,"7,641",https://finance.naver.com/item/main.naver?code=455660
PLUS 글로벌MSCI(합성 H),"20,015",305,-1.50%,+4.22%,7,https://finance.naver.com/item/main.naver?code=189400
SOL 미국테크TOP10인버스(합성),"7,440",5,+0.07%,-20.81%,"3,145",https://finance.naver.com/item/main.naver?code=481200
KODEX 차이나메타버스액티브,"11,900",15,+0.13%,+24.80%,8,https://finance.naver.com/item/main.naver?code=428510
RISE 미국달러선물인버스,"9,145",10,-0.11%,-7.06%,257,https://finance.naver.com/item/main.naver?code=469530
TIGER MSCI KOREA ESG유니버설,"9,880",0,0.00%,-3.10%,0,https://finance.naver.com/item/main.naver?code=289250
HANARO 미국메타버스iSelect,"16,795",185,-1.09%,+22.73%,53,https://finance.naver.com/item/main.naver?code=419170
PLUS ESG가치주액티브,"7,825",85,+1.10%,-4.16%,28,https://finance.naver.com/item/main.naver?code=395750
KODEX 모멘텀Plus,"11,590",0,0.00%,-5.12%,0,https://finance.naver.com/item/main.naver?code=244620
PLUS 글로벌HBM반도체,"16,480",230,-1.38%,+3.68%,836,https://finance.naver.com/item/main.naver?code=442580
RISE 우량업종대표주,"11,460",5,+0.04%,-1.63%,6,https://finance.naver.com/item/main.naver?code=140580
PLUS 주도업종,"10,400",95,+0.92%,-3.53%,43,https://finance.naver.com/item/main.naver?code=280920
RISE 200금융,"11,435",50,-0.44%,+1.83%,"1,332",https://finance.naver.com/item/main.naver?code=284980
PLUS 미국달러SOFR금리액티브(합..,"58,110",65,+0.11%,+8.87%,39,https://finance.naver.com/item/main.naver?code=456200
RISE 국채선물5년추종인버스,"55,405",270,-0.48%,+0.05%,8,https://finance.naver.com/item/main.naver?code=397410
PLUS 신흥국MSCI인버스(합성 H),"10,840",120,+1.12%,-1.36%,2,https://finance.naver.com/item/main.naver?code=373530
ACE 필리핀MSCI(합성),"14,020",145,-1.02%,-2.94%,50,https://finance.naver.com/item/main.naver?code=261920
TIGER 라틴35,"4,310",75,-1.71%,+2.59%,"10,291",https://finance.naver.com/item/main.naver?code=105010
RISE 중소형고배당,"11,080",150,+1.37%,+3.31%,770,https://finance.naver.com/item/main.naver?code=281990
SOL KRX기후변화솔루션,"9,145",50,-0.54%,-14.92%,853,https://finance.naver.com/item/main.naver?code=404650
TIGER 우선주,"10,920",5,+0.05%,-7.88%,"1,546",https://finance.naver.com/item/main.naver?code=261140
히어로즈 글로벌리츠이지스액티..,"10,920",75,-0.68%,+1.05%,4,https://finance.naver.com/item/main.naver?code=437550
RISE 미국장기국채선물인버스(H),"10,885",60,+0.55%,+9.56%,41,https://finance.naver.com/item/main.naver?code=267450
TIGER 200커뮤니케이션서비스,"19,205",845,+4.60%,+13.79%,"3,379",https://finance.naver.com/item/main.naver?code=315270
RISE 200선물인버스,"5,965",5,-0.08%,+4.47%,519,https://finance.naver.com/item/main.naver?code=252410
TIGER 코스닥글로벌,"10,735",270,+2.58%,-2.36%,"1,073",https://finance.naver.com/item/main.naver?code=461580
RISE 국채선물5년추종,"51,620",85,-0.16%,+1.28%,4,https://finance.naver.com/item/main.naver?code=397420
TIGER 200 생활소비재,"8,480",5,+0.06%,-2.57%,750,https://finance.naver.com/item/main.naver?code=227560
ACE Fn5G플러스,"8,660",155,+1.82%,-1.98%,"2,264",https://finance.naver.com/item/main.naver?code=380340
ACE Fn성장소비주도주,"5,760",100,+1.77%,+4.63%,98,https://finance.naver.com/item/main.naver?code=226380
TIGER 의료기기,"14,795",365,+2.53%,+2.49%,"2,015",https://finance.naver.com/item/main.naver?code=307510
ACE 삼성그룹동일가중,"17,045",85,+0.50%,-6.76%,292,https://finance.naver.com/item/main.naver?code=131890
KOSEF 글로벌전력반도체,"8,410",180,-2.10%,+13.91%,"2,841",https://finance.naver.com/item/main.naver?code=473500
RISE 차이나H선물인버스(H),"10,060",200,+2.03%,-18.84%,"5,601",https://finance.naver.com/item/main.naver?code=291680
TIMEFOLIO 글로벌안티에이징바이..,"9,145",60,-0.65%,-8.09%,"175,902",https://finance.naver.com/item/main.naver?code=485810
PLUS 심천차이넥스트(합성),"9,955",15,-0.15%,+53.39%,40,https://finance.naver.com/item/main.naver?code=256450
TIGER 코스피대형주,"12,430",15,+0.12%,-3.19%,"7,009",https://finance.naver.com/item/main.naver?code=277640
PLUS 태양광&ESS,"9,000",20,+0.22%,-5.51%,"1,251",https://finance.naver.com/item/main.naver?code=457990
KOSEF SK그룹대표주,"12,345",105,+0.86%,+2.39%,908,https://finance.naver.com/item/main.naver?code=450120
HANARO Fn K-메타버스MZ,"7,045",145,+2.10%,+0.93%,352,https://finance.naver.com/item/main.naver?code=402460
KODEX 멀티에셋하이인컴(H),"9,790",0,0.00%,-2.50%,0,https://finance.naver.com/item/main.naver?code=321410
KOSEF 미국방어배당성장나스닥,"15,280",35,+0.23%,+4.14%,463,https://finance.naver.com/item/main.naver?code=373790
KOSEF 차이나내수소비TOP CSI,"8,800",230,-2.55%,+31.89%,"12,223",https://finance.naver.com/item/main.naver?code=454180
PLUS 미국대체투자Top10,"23,480",320,-1.34%,+37.83%,"4,646",https://finance.naver.com/item/main.naver?code=426410
PLUS 코스닥150,"11,725",140,+1.21%,-5.41%,383,https://finance.naver.com/item/main.naver?code=301400
TIGER KRX기후변화솔루션,"9,230",20,-0.22%,-14.85%,388,https://finance.naver.com/item/main.naver?code=404540
KOSEF 코스닥150선물인버스,"7,245",50,-0.69%,+4.02%,"6,976",https://finance.naver.com/item/main.naver?code=291620
HANARO K-메디테크,"9,120",140,+1.56%,+7.74%,"1,629",https://finance.naver.com/item/main.naver?code=473380
SOL 차이나태양광CSI(합성),"4,500",80,-1.75%,+30.62%,623,https://finance.naver.com/item/main.naver?code=413220
BNK 2차전지양극재,"5,615",5,-0.09%,-15.18%,738,https://finance.naver.com/item/main.naver?code=466810
HANARO 단기채권액티브,"108,695",0,0.00%,+0.76%,0,https://finance.naver.com/item/main.naver?code=390950
TIGER 지주회사,"9,760",70,+0.72%,-3.84%,"3,765",https://finance.naver.com/item/main.naver?code=307520
KCGI 테크미디어텔레콤액티브,"7,950",145,+1.86%,-2.33%,401,https://finance.naver.com/item/main.naver?code=407160
PLUS 스마트베타Quality채권혼합,"10,910",30,+0.28%,+0.51%,399,https://finance.naver.com/item/main.naver?code=238670
TIGER 200 경기소비재,"15,480",10,+0.06%,-1.65%,323,https://finance.naver.com/item/main.naver?code=139290
HANARO 200선물인버스,"10,745",55,-0.51%,+4.32%,"170,917",https://finance.naver.com/item/main.naver?code=306520
KODEX 200동일가중,"10,700",150,+1.42%,-2.28%,389,https://finance.naver.com/item/main.naver?code=252650
RISE 팔라듐선물(H),"4,995",145,-2.82%,-7.24%,"16,342",https://finance.naver.com/item/main.naver?code=334690
HANARO 200선물레버리지1.5X,"11,155",10,+0.09%,-6.34%,149,https://finance.naver.com/item/main.naver?code=486780
TIGER 증권,"5,725",185,-3.13%,+1.78%,"13,312",https://finance.naver.com/item/main.naver?code=157500
HANARO Fn5G산업,"12,090",325,+2.76%,-6.05%,405,https://finance.naver.com/item/main.naver?code=367740
HANARO Fn친환경에너지,"6,425",95,-1.46%,-15.35%,"1,398",https://finance.naver.com/item/main.naver?code=381570
KCGI 스마트커머스액티브,"8,325",75,+0.91%,+1.83%,739,https://finance.naver.com/item/main.naver?code=407170
KODEX 퀄리티Plus,"8,290",90,+1.10%,-1.25%,108,https://finance.naver.com/item/main.naver?code=244660
HANARO 농업융복합산업,"9,150",15,+0.16%,-5.91%,35,https://finance.naver.com/item/main.naver?code=314700
TIGER 200 철강소재,"9,220",160,-1.71%,+17.87%,"22,621",https://finance.naver.com/item/main.naver?code=139240
HANARO 글로벌신재생에너지MSCI(..,"7,330",70,-0.95%,+2.30%,371,https://finance.naver.com/item/main.naver?code=448510
KODEX 경기소비재,"8,050",95,+1.19%,-5.29%,192,https://finance.naver.com/item/main.naver?code=266390
KODEX 밸류Plus,"7,980",105,+1.33%,-0.62%,"1,293",https://finance.naver.com/item/main.naver?code=244670
TIGER 200동일가중,"11,160",10,+0.09%,-2.83%,100,https://finance.naver.com/item/main.naver?code=252000
PLUS 글로벌AI,"15,550",25,+0.16%,+37.49%,"3,365",https://finance.naver.com/item/main.naver?code=438210
HANARO 코스닥150선물레버리지1...,"10,680",105,+0.99%,-9.34%,546,https://finance.naver.com/item/main.naver?code=486790
SOL 차이나강소기업CSI500(합성 ..,"4,790",35,-0.73%,+33.43%,951,https://finance.naver.com/item/main.naver?code=220130
히어로즈 리츠이지스액티브,"6,955",15,-0.22%,-10.47%,136,https://finance.naver.com/item/main.naver?code=429870
UNICORN R&D 액티브,"10,900",100,+0.93%,-4.22%,6,https://finance.naver.com/item/main.naver?code=433250
BNK 온디바이스AI,"6,745",130,+1.97%,-7.67%,17,https://finance.naver.com/item/main.naver?code=487750
KOSEF 200선물인버스,"5,995",45,-0.75%,+3.90%,339,https://finance.naver.com/item/main.naver?code=253240
TIGER 모멘텀,"29,575",0,0.00%,+2.37%,0,https://finance.naver.com/item/main.naver?code=147970
HANARO 미국애그테크,"11,780",135,-1.13%,+15.57%,59,https://finance.naver.com/item/main.naver?code=472490
TIGER 코스피중형주,"13,885",190,+1.39%,-3.31%,196,https://finance.naver.com/item/main.naver?code=277650
ACE 베트남VN30선물블룸버그레버..,"11,400",140,-1.21%,-1.17%,"1,569",https://finance.naver.com/item/main.naver?code=371130
TIGER 금속선물(H),"5,680",15,-0.26%,+0.62%,684,https://finance.naver.com/item/main.naver?code=139310
RISE 수출주,"11,230",40,-0.35%,-1.58%,"7,073",https://finance.naver.com/item/main.naver?code=140570
RISE 글로벌메타버스,"16,845",35,-0.21%,+23.86%,22,https://finance.naver.com/item/main.naver?code=411720
UNICORN 포스트IPO액티브,"6,040",145,+2.46%,-16.57%,27,https://finance.naver.com/item/main.naver?code=476000
KOSEF K-테크TOP10,"10,585",125,+1.20%,+1.78%,573,https://finance.naver.com/item/main.naver?code=469790
KOSEF 미국ETF산업STOXX,"15,495",110,-0.70%,+19.38%,283,https://finance.naver.com/item/main.naver?code=426330
HANARO KRX300,"15,305",20,-0.13%,-3.75%,58,https://finance.naver.com/item/main.naver?code=304760
KODEX 골드선물인버스(H),"5,480",70,+1.29%,-3.78%,896,https://finance.naver.com/item/main.naver?code=280940
PLUS 중형주저변동50,"11,965",180,+1.53%,-4.05%,26,https://finance.naver.com/item/main.naver?code=266550
RISE 플랫폼테마,"7,050",200,+2.92%,+28.77%,"8,237",https://finance.naver.com/item/main.naver?code=427120
RISE 팔라듐선물인버스(H),"5,870",140,+2.44%,+3.25%,"1,952",https://finance.naver.com/item/main.naver?code=334700
HK 베스트일레븐액티브,"8,365",0,0.00%,-7.39%,0,https://finance.naver.com/item/main.naver?code=391670
ACE 인버스,"5,775",60,-1.03%,+4.43%,"3,782",https://finance.naver.com/item/main.naver?code=145670
PLUS TDF2040액티브,"13,020",15,-0.12%,+7.07%,165,https://finance.naver.com/item/main.naver?code=433860
TIGER 코스닥150IT,"11,240",40,+0.36%,-4.83%,197,https://finance.naver.com/item/main.naver?code=261060
KOSEF 코스닥150선물레버리지,"3,490",50,+1.45%,-12.86%,"36,134",https://finance.naver.com/item/main.naver?code=291630
TIGER 방송통신,"6,980",90,+1.31%,+3.32%,"4,683",https://finance.naver.com/item/main.naver?code=098560
TIGER 200에너지화학레버리지,"3,470",120,+3.58%,-27.02%,"7,359",https://finance.naver.com/item/main.naver?code=243890
PLUS TDF2050액티브,"14,270",55,-0.38%,+12.01%,425,https://finance.naver.com/item/main.naver?code=433870
ACE 미국빅테크TOP7 Plus인버스(..,"10,055",10,+0.10%,-21.69%,862,https://finance.naver.com/item/main.naver?code=465620
PLUS TDF2030액티브,"12,555",20,-0.16%,+6.76%,180,https://finance.naver.com/item/main.naver?code=433850
HANARO 반도체핵심공정주도주,"5,550",130,+2.40%,-18.08%,"3,065",https://finance.naver.com/item/main.naver?code=476260
RISE 코스닥150선물인버스,"4,105",25,-0.61%,+4.06%,"32,573",https://finance.naver.com/item/main.naver?code=275750
PLUS 글로벌희토류&전략자원생산..,"4,370",35,+0.81%,+18.75%,"1,514",https://finance.naver.com/item/main.naver?code=415920
RISE KP달러채권액티브,"57,360",0,0.00%,+7.72%,129,https://finance.naver.com/item/main.naver?code=469580
PLUS 코스닥150선물인버스,"6,195",35,-0.56%,+3.68%,646,https://finance.naver.com/item/main.naver?code=301410
KoAct 테크핵심소재공급망액티브,"5,985",65,-1.07%,-14.80%,265,https://finance.naver.com/item/main.naver?code=482030
ACE 밸류대형,"9,240",55,+0.60%,-4.55%,185,https://finance.naver.com/item/main.naver?code=143460
UNICORN 생성형AI강소기업액티브,"7,290",80,+1.11%,+0.14%,"1,315",https://finance.naver.com/item/main.naver?code=470310
TIGER BBIG레버리지,"2,120",100,+4.95%,0.00%,"19,642",https://finance.naver.com/item/main.naver?code=412560
HANARO 코스닥150선물레버리지,"7,030",65,+0.93%,-13.26%,"8,914",https://finance.naver.com/item/main.naver?code=306530
HANARO 글로벌백신치료제MSCI,"11,245",45,-0.40%,-6.45%,333,https://finance.naver.com/item/main.naver?code=432850
HANARO Fn골프테마,"5,330",80,+1.52%,-7.14%,134,https://finance.naver.com/item/main.naver?code=407300
HANARO 200 TOP10,"7,975",10,-0.13%,-3.39%,"1,134",https://finance.naver.com/item/main.naver?code=407310
TIGER 200 산업재,"6,630",120,+1.84%,-1.85%,309,https://finance.naver.com/item/main.naver?code=227550
SOL 한국형글로벌플랫폼&메타버..,"16,925",0,0.00%,+30.14%,19,https://finance.naver.com/item/main.naver?code=429990
RISE 창업투자회사,"6,700",205,+3.16%,+12.23%,664,https://finance.naver.com/item/main.naver?code=427110
